network,sources,infected_nodes,iteration
barabasi_2,6|9,0|1|2|3|4|5|6|7|8|10|11|13|14|16|25|29|30|34|41|44|47|54|77|80|85|88|101|107|115|116|119|122|129|131|150|174|178|186|212|221|222|223|244|268|293|332|347|363|364|369|374|391|428|436|440|461|476|477|483|539|544|547|576|585|597|621|659|662|696|699|771|837|851|887|940|963|973|27|52|123|134|283|339|516|523|525|587|593|600|744|853|888|954|9|12|15|19|22|33|35|36|39|45|48|51|55|56|70|73|84|93|100|109|140|162|183|189|190|194|202|203|216|219|220|224|231|238|253|258|279|282|304|327|368|372|377|388|439|447|470|486|501|518|554|565|586|594|750|753|884|902|932|941|976|17|18|20|21|37|61|92|96|99|104|136|155|164|170|176|182|188|201|275|300|310|315|323|386|387|404|456|467|505|528|537|556|721|813|917|922|49|57|68|121|135|287|455|824|28|32|50|60|65|66|76|81|94|127|132|151|154|169|175|192|235|250|296|312|319|320|329|418|433|497|522|524|529|560|588|599|672|694|700|733|752|804|806|835|845|918|953|23|24|31|38|46|53|63|64|74|75|90|95|106|112|157|167|172|199|200|207|211|213|229|236|257|284|295|375|381|409|420|422|432|434|465|466|468|548|568|604|693|764|795|802|859|923|950|996|43|59|103|110|146|153|196|209|210|233|267|299|316|324|334|382|397|444|445|463|503|513|666|728|789|903|987|999|83|87|91|130|138|171|205|256|453|485|531|559|601|617|673|773|776|814|844|847|856|105|111|120|126|156|184|191|218|254|272|273|290|362|408|425|437|448|478|480|498|504|507|540|620|646|716|758|762|803|808|818|861|873|886|908|925|944|946|948|26|58|78|82|98|102|137|149|168|180|185|193|206|234|291|298|313|354|356|378|493|551|608|616|669|689|723|757|777|827|897|945|993|72|166|232|278|351|401|549|642|682|724|738|829|179|195|208|247|280|306|361|411|446|473|751|839|900|960|971|991|204|353|405|426|430|563|574|578|606|626|634|648|862|937|97|270|558|635|683|970|410|575|625|765|786|838|869|133|142|145|148|305|307|333|370|371|394|609|615|654|686|747|779|788|957|986|141|158|251|286|376|712|919|69|108|114|139|260|311|335|581|607|163|357|403|517|610|714|317|330|345|512|674|726|899|964|215|309|407|675|775|819|858|348|413|663|687|780|831|924|67|252|469|481|553|577|579|867|879|896|359|612|147|442|535|603|639|664|318|843|79|165|289|340|458|792|877|423|460|690|911|177|358|321|395|657|731|767|826|117|128|152|303|472|602|618|668|846|542|704|281|366|396|454|125|338|385|471|479|698|227|308|331|400|735|245|416|681|739|905|355|380|261|419|508|499|984|342|390|572|931|489|980|86|336|365|511|713|719|849|863|975|754|438|770|864|997|740|276|452|613|930|778|349|451|982|352|760|783|956|650|590|661|393|656|741|187|424|730|734|688|763|344|611|628|671|968|384|622|240|520|715|595|855|412|722|484|328|360|457|277|840|782|871|759|769|641|799|322|567|680|805|825|784|815|883|325|431|791|812|958|527|546|794|718|823|346|623|570|262|787|515|569|406|860|910|972|868|906|538|692|936|637|865|969|596|876|907|644|748|985|893|414|951|510|591|487|978|967|921|965|550|990|874|934,0
barabasi_2,6|9,0|1|2|3|4|5|6|7|8|10|11|13|14|16|25|29|30|34|41|44|47|54|77|80|85|88|101|107|115|116|119|122|129|131|174|178|186|198|212|221|222|223|244|274|293|294|332|347|391|428|429|436|440|461|462|476|477|483|496|519|521|539|544|573|576|638|659|662|699|707|771|837|851|887|940|973|27|52|123|134|242|283|339|514|516|525|533|564|587|600|755|853|888|9|12|15|19|22|33|35|36|39|45|48|51|55|56|70|73|84|93|100|109|140|161|162|183|189|190|194|202|203|220|231|238|253|258|279|282|302|304|327|368|372|377|388|439|447|470|501|518|543|554|565|594|750|753|796|810|857|932|955|976|17|18|20|21|37|61|62|96|99|104|136|164|170|176|188|201|217|275|300|310|315|323|387|404|456|467|537|556|649|721|800|836|49|57|68|118|121|135|226|228|241|287|455|629|834|28|32|50|60|65|66|71|76|81|94|127|132|151|154|169|175|192|214|235|239|250|296|312|319|320|329|392|418|433|441|497|522|529|552|672|694|700|804|806|835|845|23|31|38|42|46|53|63|64|74|75|90|106|112|157|167|172|181|199|200|207|211|213|229|236|257|259|284|292|295|367|381|409|420|422|432|459|465|466|468|532|548|568|604|693|705|725|761|795|801|802|859|890|923|928|933|950|959|979|996|43|59|103|110|146|153|173|209|210|233|271|285|299|316|324|334|379|382|397|421|444|445|463|503|513|580|728|749|789|903|987|989|83|87|91|138|197|256|266|343|427|531|559|617|673|679|685|710|773|776|814|844|977|981|105|120|126|144|156|184|191|218|272|273|288|362|398|408|425|437|448|478|480|482|498|504|507|540|545|627|646|716|762|803|808|818|861|873|886|908|925|946|26|40|58|78|82|98|102|137|149|168|193|206|269|291|298|326|341|354|493|555|557|616|667|669|689|723|757|766|777|897|988|72|113|166|232|278|351|401|490|549|642|724|738|742|833|994|179|195|208|230|263|280|306|361|446|473|509|589|751|839|915|960|971|991|204|353|430|563|574|578|606|626|634|648|832|862|894|937|938|97|246|270|558|961|970|373|410|417|575|625|765|786|838|869|133|142|145|148|301|305|307|333|370|371|394|562|609|615|654|686|708|745|779|788|141|251|286|376|712|919|69|108|114|139|237|260|335|491|607|163|403|450|517|610|714|992|330|345|633|726|964|215|464|614|675|775|858|913|348|413|663|720|780|831|924|67|252|469|577|579|592|643|809|867|879|612|89|147|297|389|442|535|603|639|664|843|79|159|165|289|340|458|792|877|423|460|690|177|358|321|657|731|767|939|117|128|152|303|602|618|542|704|281|366|396|454|125|338|385|471|479|500|605|227|400|677|735|245|143|416|645|681|697|739|905|355|261|419|508|983|499|881|984|342|390|572|931|489|703|980|86|336|365|511|713|719|849|863|901|830|160|438|770|864|997|265|684|691|337|740|276|613|652|653|778|702|982|783|650|255|590|640|656|785|854|655|741|424|495|647|734|688|763|344|611|628|746|998|622|240|520|715|595|855|412|484|927|328|360|952|457|277|840|871|947|759|631|322|567|798|680|805|825|784|883|624|325|791|812|527|492|794|718|623|651|570|262|787|515|774|817|821|706|910|972|868|538|692|732|936|475|637|995|949|882|596|907|909|872|974|630|414|510|591|487|978|852|967|921|878|550|990|676|942,1
barabasi_2,6|9,0|1|2|3|4|5|6|7|8|10|11|13|14|16|25|29|30|34|41|44|47|54|77|80|85|88|101|107|115|116|119|122|131|150|174|178|186|198|212|221|222|223|244|268|274|293|332|364|369|374|391|428|436|440|462|476|483|506|519|521|539|573|576|585|597|621|638|659|662|696|699|707|727|771|837|851|940|963|973|27|52|123|134|242|283|339|514|516|523|525|533|564|587|600|853|9|12|15|19|22|33|35|36|39|45|48|51|55|56|70|73|84|93|100|109|140|161|162|183|189|190|194|202|216|219|224|231|253|279|282|302|327|368|439|447|486|501|554|586|594|753|796|810|842|857|892|902|932|976|17|18|20|21|37|62|92|96|99|104|136|155|170|176|182|188|201|217|243|275|300|315|323|386|387|404|456|502|505|528|536|537|556|721|793|836|917|49|57|68|118|135|226|228|241|287|455|561|824|834|28|32|50|60|65|66|71|76|81|94|132|151|154|169|175|192|214|235|239|296|319|320|329|392|433|441|497|522|526|529|560|588|599|672|694|733|752|804|806|835|912|918|953|23|24|31|38|42|46|53|63|64|74|75|90|95|106|112|157|167|172|181|199|200|207|211|213|229|236|248|257|264|284|292|367|375|409|420|422|432|434|459|465|466|468|530|541|548|568|693|705|725|761|801|890|898|923|933|950|979|996|43|59|103|110|146|153|173|196|210|233|267|299|316|324|334|382|397|421|503|513|580|728|789|903|987|999|83|87|91|130|138|171|205|256|266|343|453|485|531|601|617|619|679|685|710|773|776|814|844|847|856|926|977|981|105|111|120|144|156|184|191|218|272|273|288|362|398|437|443|448|478|482|498|504|540|545|620|716|737|743|758|762|803|818|861|873|886|908|925|944|946|948|26|40|58|78|82|98|102|137|168|185|193|206|234|269|291|298|326|341|354|378|493|551|555|557|608|670|689|723|757|766|827|897|945|988|993|72|113|166|232|490|549|642|724|738|742|829|833|994|179|195|230|247|280|306|361|411|435|473|509|589|665|751|839|900|915|960|991|204|353|426|563|574|606|626|634|648|832|894|920|97|246|270|558|961|373|575|625|786|838|869|133|145|301|305|307|333|371|394|562|609|615|654|686|708|745|747|772|779|788|957|141|286|712|919|69|108|114|139|237|260|311|335|350|491|581|607|163|357|403|517|610|714|992|317|330|345|383|402|512|633|674|726|899|964|215|407|614|675|775|819|348|413|663|687|720|780|67|252|481|553|579|592|643|820|879|896|612|89|147|297|389|442|535|639|664|318|843|79|159|165|289|340|458|792|877|423|598|658|911|177|249|358|534|717|395|657|731|826|117|128|152|303|472|602|618|668|846|542|704|281|366|396|454|125|385|471|479|500|632|698|308|735|245|143|416|645|681|697|739|905|355|380|261|419|508|828|983|499|711|841|881|984|342|390|572|891|931|489|703|336|365|511|713|848|849|863|901|975|438|997|265|691|850|337|276|613|930|652|778|349|702|982|352|760|650|255|590|640|661|393|488|656|785|854|415|655|187|424|495|647|730|736|566|763|611|628|968|746|998|622|636|240|715|582|855|412|722|484|328|952|871|947|759|769|631|799|474|680|805|825|815|624|325|431|791|958|718|823|346|651|570|787|569|774|494|821|406|706|972|906|538|660|692|904|732|936|637|995|949|969|596|876|943|644|974|985|951|591|487|978|852|921|874|676|934|942,2
barabasi_2,6|9|0|10|2|7|5|16|8|12,0|1|2|3|4|5|6|7|8|10|11|13|14|16|25|29|30|34|41|44|47|54|77|80|85|88|101|107|115|116|119|122|129|131|150|174|178|186|198|212|221|223|244|274|293|294|332|347|364|369|374|391|428|429|436|440|462|477|483|496|506|519|539|547|573|585|597|621|638|659|662|695|699|727|729|771|790|837|851|887|963|973|27|52|123|134|242|283|339|514|516|523|525|533|564|587|593|600|744|755|853|888|9|12|15|19|22|33|35|36|39|45|48|51|55|56|70|73|84|93|100|109|140|161|162|183|189|190|194|202|203|216|219|220|224|231|238|253|258|279|282|302|304|314|327|368|372|388|439|447|470|486|518|543|554|565|586|678|750|796|842|857|884|892|902|932|941|955|976|17|18|20|21|37|61|62|92|96|99|104|136|155|164|170|176|182|188|201|243|275|300|310|315|323|386|387|404|467|536|537|556|649|721|793|800|813|836|917|922|49|57|68|118|121|135|226|228|241|287|455|561|629|824|834|875|28|32|50|60|65|66|71|76|81|94|127|132|151|154|169|175|192|225|235|239|250|296|312|319|320|329|392|418|433|497|522|524|529|552|560|588|599|694|752|797|804|806|835|845|912|918|953|23|24|31|38|42|46|53|63|64|74|75|90|95|106|112|157|167|172|181|199|200|207|211|213|229|248|257|259|264|284|292|295|367|375|381|409|420|432|434|459|465|466|468|530|532|548|568|693|705|725|761|795|801|898|923|928|933|950|959|979|996|43|59|110|124|146|153|173|196|209|210|233|267|271|285|299|316|324|334|379|382|397|399|421|444|445|463|513|580|583|709|789|987|989|999|83|87|91|130|171|197|205|256|266|343|453|485|531|559|601|617|673|679|685|710|773|776|814|844|847|926|977|981|105|111|120|126|144|156|184|191|218|254|272|273|288|290|362|398|408|425|437|448|478|480|482|504|507|540|545|620|627|646|716|737|743|758|762|803|808|818|861|873|886|925|946|948|966|26|40|58|78|82|98|102|137|149|168|180|185|206|234|269|291|298|313|326|341|354|356|493|555|557|608|616|667|669|670|689|723|757|766|768|827|897|945|988|993|72|113|166|232|351|401|490|549|642|682|724|738|742|829|994|179|195|208|230|247|263|280|306|361|411|435|446|473|509|589|665|839|915|960|971|353|426|430|563|574|606|626|634|648|832|862|920|937|938|97|246|270|558|635|683|889|961|970|373|410|417|584|625|765|786|838|869|133|142|145|148|301|305|307|333|370|371|394|562|609|615|654|686|708|745|772|779|788|816|957|986|141|251|376|712|919|69|108|114|139|237|260|311|335|350|491|581|607|357|403|450|517|571|610|992|330|345|383|402|512|633|674|726|899|964|215|309|407|464|675|819|413|663|687|780|924|67|252|469|481|553|577|579|592|643|809|820|867|359|612|811|89|147|297|389|442|535|603|639|664|822|79|159|165|289|340|792|877|423|460|598|658|690|911|177|358|534|717|321|395|657|731|767|826|895|939|117|128|152|303|472|668|542|281|366|396|454|125|338|385|471|500|605|632|698|227|308|400|677|735|885|245|143|416|645|697|739|905|355|380|261|508|828|499|881|984|342|390|572|489|703|86|336|365|511|713|719|848|849|863|901|975|830|160|438|864|997|265|684|850|929|337|740|276|452|613|930|652|653|778|935|349|451|702|982|352|760|783|650|640|661|393|488|656|785|415|655|741|424|647|730|566|688|763|344|611|628|671|968|746|998|384|636|240|715|582|595|855|412|722|484|781|927|328|360|952|840|782|871|947|759|769|641|799|322|567|474|680|825|784|815|325|431|791|812|958|527|546|492|794|823|346|623|651|570|262|449|515|817|494|914|406|706|860|910|868|538|692|904|936|475|637|865|995|969|882|907|943|644|909|872|974|630|748|414|870|510|591|487|866|978|967|878|990|676|942,0
barabasi_2,6|9|0|10|2|7|5|16|8|12,0|1|2|3|4|5|6|7|8|10|11|13|14|16|25|29|30|34|41|44|47|54|77|80|85|88|101|107|115|116|119|122|129|131|150|174|178|186|198|212|221|223|244|268|274|293|294|332|347|363|364|369|374|391|428|429|436|461|462|476|483|496|506|519|521|539|544|547|573|576|585|597|621|638|659|662|707|729|771|790|837|851|887|940|973|27|52|123|134|283|339|516|523|525|533|564|587|593|744|755|853|954|9|12|15|19|22|33|35|36|39|45|48|51|55|56|70|73|84|93|100|109|140|161|162|183|189|190|194|202|203|216|219|220|224|231|238|253|258|279|282|302|304|314|327|368|372|439|447|470|486|501|518|543|554|565|586|594|678|750|753|796|810|842|884|892|902|916|932|955|976|17|18|20|21|37|61|62|92|99|104|136|155|164|170|176|182|188|201|217|243|275|300|310|315|323|386|387|404|456|467|505|528|536|537|556|649|721|793|800|813|836|917|922|49|57|68|118|135|226|228|241|287|455|561|629|824|28|32|50|60|65|66|71|76|81|94|127|132|151|154|169|175|214|225|235|239|250|296|312|319|320|392|418|433|441|497|524|526|529|552|560|588|599|672|694|700|733|752|797|806|912|953|23|24|31|38|42|46|53|63|64|75|90|95|106|112|157|167|172|181|199|200|207|211|213|229|236|248|257|259|264|284|292|295|375|381|409|420|422|432|434|459|465|466|530|532|541|548|568|604|693|705|725|761|764|795|801|802|859|890|898|928|933|950|979|996|43|59|103|110|124|146|153|173|196|209|210|233|267|271|285|316|324|334|382|397|399|421|444|445|503|513|580|583|709|728|749|903|987|989|999|83|87|130|138|171|205|256|266|427|453|485|559|601|617|619|673|679|685|710|773|814|844|847|856|926|977|981|105|111|120|126|144|156|184|191|218|254|272|273|288|290|398|408|425|437|443|448|478|480|498|507|545|620|627|646|716|743|758|762|803|808|818|861|873|886|908|944|946|26|40|58|78|82|98|102|137|149|168|180|185|193|206|234|269|291|298|313|326|354|356|378|493|551|555|557|608|616|667|669|670|689|723|757|766|768|827|897|988|993|72|113|166|232|278|351|401|490|549|682|742|833|994|179|195|208|230|280|306|361|411|435|446|473|509|589|665|839|900|915|971|991|204|353|405|430|563|574|578|606|648|832|862|894|920|938|97|246|558|889|961|373|410|417|584|625|765|786|838|869|133|142|145|148|301|305|307|333|370|371|394|562|609|615|686|708|745|747|779|788|816|957|986|141|158|251|286|376|712|919|69|108|114|139|237|260|335|350|581|607|163|357|403|450|517|571|610|714|992|317|330|345|383|402|512|633|964|215|309|407|614|675|775|913|348|413|663|720|831|924|67|252|469|553|577|592|643|820|867|359|612|811|89|147|297|389|442|535|603|639|664|822|318|79|159|165|289|340|458|598|658|690|911|249|358|534|717|321|395|657|731|767|826|895|939|117|152|303|472|602|618|668|846|542|704|281|366|396|125|338|385|471|500|605|632|698|227|308|331|400|735|245|143|681|697|739|355|380|261|419|508|828|983|499|711|881|342|572|891|931|980|86|365|511|713|719|848|849|863|901|975|754|830|160|438|997|265|684|691|850|929|337|276|452|613|930|653|778|935|349|451|352|760|650|255|640|661|393|488|656|785|854|655|741|187|424|647|730|734|688|611|628|671|968|746|998|622|240|715|595|412|722|484|927|328|360|457|840|782|947|759|769|631|641|799|322|798|474|680|805|825|784|815|883|325|431|958|546|492|794|718|823|346|623|651|570|262|787|515|774|817|494|821|406|706|860|910|972|868|538|660|692|936|475|637|865|995|969|596|962|909|974|748|985|893|951|510|591|880|978|921|965|878|942,1
barabasi_2,6|9|0|10|2|7|5|16|8|12,0|1|2|3|4|5|6|7|8|10|11|13|14|16|25|29|30|34|41|44|47|54|77|80|85|88|101|107|115|116|119|122|129|131|150|178|186|198|212|222|244|268|274|293|332|347|363|369|374|391|428|429|436|440|461|462|483|496|506|519|521|539|544|573|576|585|597|621|638|662|699|707|727|729|771|790|837|851|887|940|963|973|27|52|123|134|242|283|339|514|516|523|564|587|593|744|755|853|888|954|9|12|15|19|22|33|35|36|39|45|48|51|55|56|70|73|84|93|100|109|140|161|162|183|189|190|194|202|203|216|219|220|224|231|238|253|258|279|282|302|304|314|327|368|372|377|388|439|447|470|501|518|543|554|565|586|594|678|750|753|796|810|842|857|892|902|916|932|941|955|976|17|18|20|21|37|92|96|99|104|136|164|170|176|182|188|201|217|275|300|310|315|323|386|387|404|456|502|505|528|536|537|649|721|793|813|836|922|49|57|68|118|121|135|226|228|241|287|455|561|824|834|875|28|32|50|60|65|66|71|76|81|94|132|151|154|169|175|192|214|225|239|250|296|312|319|320|329|392|418|433|441|497|524|526|529|552|560|588|599|672|700|733|752|797|804|835|845|912|918|953|23|24|31|38|42|46|53|63|64|74|75|90|95|106|112|157|167|172|181|199|207|211|213|229|236|248|257|259|264|284|292|295|367|375|381|409|420|432|434|459|465|466|468|530|532|541|548|568|604|693|705|725|761|764|795|801|802|859|890|898|928|933|950|959|43|59|103|110|124|146|153|173|196|209|210|233|267|271|316|334|379|382|397|399|421|445|463|513|580|583|666|709|728|789|903|987|989|999|83|87|91|130|138|171|197|205|256|266|343|427|453|485|559|679|685|710|773|776|814|844|847|856|926|981|105|111|120|144|156|184|191|218|272|273|288|362|398|408|425|443|448|480|498|507|540|620|627|646|716|743|758|762|808|818|873|886|908|925|966|26|40|58|78|82|98|102|137|149|168|185|193|234|269|291|298|313|326|341|356|378|493|557|608|616|667|669|670|689|723|897|945|988|993|72|113|166|232|278|351|490|549|642|682|738|829|833|994|179|195|230|247|263|306|361|411|473|509|589|665|751|839|900|915|960|991|204|353|405|563|574|606|626|634|648|832|862|894|937|938|97|246|270|558|635|683|889|961|970|410|417|575|584|625|765|838|133|142|145|148|301|305|307|333|370|394|562|609|615|686|745|747|772|788|816|957|986|141|158|251|286|376|712|69|108|114|139|237|260|311|335|350|491|607|163|357|403|450|517|571|610|714|992|317|330|345|402|512|633|674|726|899|964|215|309|407|464|614|675|819|858|913|348|413|663|687|720|831|67|469|481|553|579|592|643|809|867|879|896|359|612|811|89|147|297|389|442|535|603|639|822|318|843|79|159|165|289|340|458|792|877|423|598|690|911|177|249|358|534|395|657|731|826|895|939|117|128|303|472|602|618|704|281|366|396|454|125|338|385|471|479|500|605|698|227|308|331|677|885|245|143|416|645|681|905|355|380|261|419|508|983|499|711|841|984|342|390|891|931|489|703|86|336|511|713|719|848|849|863|975|754|756|830|160|438|770|691|850|929|337|740|276|452|613|930|778|451|352|783|956|650|255|590|640|661|488|656|785|854|655|741|187|424|647|730|734|736|566|763|611|628|998|384|622|636|240|520|715|582|595|855|412|722|484|781|927|328|360|952|457|277|840|782|871|947|759|769|631|641|799|322|567|798|474|805|784|815|883|791|958|527|546|492|794|718|823|346|623|651|570|262|449|569|774|406|706|860|910|972|868|538|660|692|732|936|475|637|865|701|995|969|882|596|907|943|962|644|872|974|630|985|414|510|866|880|967|965|878|990|676|934,2
barabasi_2,6|9|0|10|2|7|5|16|8|12|3|23|44|13|22|11|37|35|18|59|30|19|54|15|45|21|17|20|60|25|58|14|31|34|47|51|27|139|81|4|49|28|52|199|33|115|65|39|41|145|1|88|53|105|76|57|56|78|157|29|83|50|131|144|120|46|43|64|26|85|136|134|205|42|48|38|229|156|112|32|84|98|123|307|111|24|368|121|169|163|207|69|210|182|71|151|90|100|203|146,0|1|2|3|4|5|6|7|8|10|11|13|14|16|25|29|30|34|41|44|47|54|77|80|85|88|101|107|115|116|119|122|129|131|150|174|178|186|198|212|221|222|223|244|268|274|293|294|332|347|363|364|369|374|391|428|429|436|440|461|462|476|477|483|496|506|519|521|539|544|547|573|576|585|597|621|638|659|662|696|699|707|727|729|771|790|837|851|887|940|973|27|52|123|134|242|283|339|514|516|523|525|533|587|593|744|755|954|9|12|15|19|22|33|35|36|39|45|48|51|55|56|70|73|84|93|100|109|140|161|162|183|189|190|194|202|203|216|219|220|224|231|238|253|258|279|282|302|304|314|327|368|372|377|388|439|447|486|501|518|543|554|565|586|594|678|753|796|810|842|857|884|892|916|932|941|955|976|17|18|20|21|37|61|62|92|96|99|104|136|155|164|170|176|182|188|201|217|243|275|300|310|315|323|386|387|404|467|502|505|528|536|537|556|649|721|793|800|813|836|917|922|49|57|68|118|121|135|226|228|241|287|455|561|629|824|875|28|32|50|60|65|66|71|76|81|94|127|132|151|154|169|175|192|214|225|235|239|250|296|312|319|320|392|418|433|441|497|522|524|526|529|552|560|588|599|672|694|700|733|752|797|806|835|845|912|953|23|24|31|38|42|46|53|63|64|74|75|90|95|106|112|157|167|172|181|199|200|207|211|229|236|248|257|259|264|284|292|295|367|375|381|409|420|422|432|434|459|465|466|468|530|532|541|548|568|604|693|705|725|761|795|801|802|859|890|898|923|928|933|950|959|979|996|43|59|103|110|124|146|153|173|196|209|210|233|267|271|299|316|324|334|379|382|397|399|421|444|445|463|503|513|580|583|666|709|749|903|987|989|999|83|87|91|130|138|171|197|205|256|266|343|427|453|485|531|559|601|617|619|673|679|685|710|773|776|814|844|847|856|977|105|111|120|126|144|156|184|191|218|254|272|273|288|290|362|398|408|425|443|448|478|480|482|498|504|540|545|620|627|646|716|737|743|758|762|803|808|818|861|873|886|908|925|944|946|948|966|26|40|58|78|82|98|102|137|149|168|180|185|193|206|234|269|291|298|326|341|354|356|378|493|551|555|557|608|616|667|669|670|689|723|757|766|768|777|827|945|988|993|72|113|166|232|278|351|401|490|549|642|682|724|738|742|829|179|195|208|230|247|263|280|306|361|411|435|446|473|509|589|665|751|839|915|960|971|204|353|405|426|430|563|574|578|606|626|634|648|832|862|894|920|937|938|97|246|270|558|635|683|889|961|970|373|410|417|575|584|625|786|838|869|133|142|145|148|301|305|307|333|370|371|562|609|615|654|686|708|745|747|772|779|816|957|986|141|158|251|376|69|108|114|139|237|260|311|335|350|491|581|163|357|403|450|517|571|610|714|992|317|330|345|383|402|512|633|726|899|964|215|407|464|614|775|819|913|348|413|663|687|780|924|67|252|469|481|577|579|592|643|820|867|879|896|612|89|147|297|389|442|535|603|639|664|822|318|843|79|159|165|289|340|458|792|877|423|460|598|658|690|911|177|249|358|534|717|321|395|657|731|826|895|939|117|128|152|303|472|602|618|668|542|704|281|366|396|454|125|338|385|500|605|632|698|227|308|331|400|677|735|885|245|143|645|681|697|905|355|380|261|419|508|983|499|711|841|984|342|390|572|891|931|489|703|86|336|365|511|713|719|848|849|863|901|975|754|756|830|160|438|997|265|684|929|337|740|276|452|613|930|652|653|778|935|349|451|702|982|352|760|783|956|650|255|590|640|661|393|488|785|854|415|655|741|187|424|495|647|730|734|736|566|688|763|344|611|628|671|968|746|998|384|622|636|240|520|715|582|595|855|412|722|484|781|927|328|360|952|457|277|782|871|947|759|769|631|641|799|322|567|798|474|680|805|825|784|815|883|624|325|431|791|958|527|546|492|794|718|823|346|570|262|449|515|569|774|817|494|821|914|406|706|860|910|972|868|906|692|904|732|936|475|637|865|701|995|949|969|882|596|943|962|644|909|872|807|630|893|414|951|510|591|487|866|880|852|967|921|878|550|990|874|676|934|942,0
barabasi_2,6|9|0|10|2|7|5|16|8|12|3|23|44|13|22|11|37|35|18|59|30|19|54|15|45|21|17|20|60|25|58|14|31|34|47|51|27|139|81|4|49|28|52|199|33|115|65|39|41|145|1|88|53|105|76|57|56|78|157|29|83|50|131|144|120|46|43|64|26|85|136|134|205|42|48|38|229|156|112|32|84|98|123|307|111|24|368|121|169|163|207|69|210|182|71|151|90|100|203|146,0|1|2|3|4|5|6|7|8|10|11|13|14|16|25|29|30|34|41|44|47|54|77|80|85|88|101|107|115|119|122|129|131|150|174|178|186|198|212|221|222|223|244|268|274|293|294|332|347|363|369|374|391|428|436|440|461|462|476|477|483|506|519|521|539|547|573|576|585|597|621|638|662|695|696|707|727|729|771|790|851|887|940|973|27|52|123|134|283|339|514|516|523|533|564|593|600|744|755|853|888|954|9|12|15|19|22|33|35|36|39|45|48|51|55|56|70|73|84|93|100|109|140|161|162|183|189|190|194|202|203|216|219|220|224|231|238|253|258|279|282|302|304|314|327|368|372|377|388|439|447|486|543|554|565|586|678|750|753|796|842|857|884|892|902|916|932|941|17|18|20|21|37|61|62|92|96|99|104|136|155|164|170|176|182|188|201|217|243|275|300|310|315|323|386|387|456|467|502|505|528|536|537|556|649|721|793|800|813|836|917|922|49|57|68|118|121|135|226|228|241|287|455|561|629|824|875|28|32|50|60|65|66|71|76|81|94|132|151|154|169|175|192|214|225|235|239|250|296|312|319|320|329|392|418|433|441|497|522|524|526|529|588|599|672|694|700|733|752|797|804|806|845|912|918|953|23|24|31|38|42|46|53|63|64|74|75|90|95|106|112|157|167|172|181|199|200|207|211|229|236|248|257|259|264|284|292|295|367|375|381|409|420|422|432|434|459|465|466|468|530|532|541|548|568|604|693|725|764|795|801|802|859|890|898|928|933|950|959|979|996|43|59|103|110|124|146|153|173|196|209|210|233|267|271|285|299|316|324|334|379|382|397|445|463|503|513|580|583|666|709|728|789|903|989|999|83|87|91|130|138|197|205|256|266|343|427|453|485|531|559|601|617|619|673|679|710|773|776|814|844|847|926|977|981|105|111|120|126|144|156|184|191|218|254|272|273|288|290|362|398|408|425|437|443|448|480|498|504|507|540|545|620|646|716|737|743|758|762|803|808|818|861|873|886|908|925|944|946|26|40|58|78|82|98|102|137|149|168|180|185|193|206|234|269|291|298|326|341|354|356|378|493|551|555|557|608|616|667|669|670|723|757|768|777|827|897|945|988|993|72|113|166|232|351|490|549|642|682|724|738|742|829|833|994|179|195|208|230|247|263|280|306|361|411|435|446|473|509|589|665|751|900|915|960|971|991|204|353|405|426|430|574|578|606|626|634|648|832|894|937|938|97|246|270|683|889|961|970|373|410|417|575|625|765|786|869|133|142|145|148|305|307|333|370|371|394|562|615|654|686|708|745|747|772|779|816|986|141|158|251|286|376|712|919|69|108|114|139|237|311|335|350|581|163|357|403|517|571|610|317|330|345|402|512|633|726|964|215|309|407|464|614|775|858|913|348|413|663|687|720|780|831|924|67|252|469|481|553|577|579|643|809|820|867|879|896|359|612|811|89|147|297|389|442|535|603|639|664|822|318|843|79|159|165|289|340|458|792|877|423|460|598|658|690|177|249|358|534|321|395|767|895|939|117|128|152|472|602|618|668|542|704|281|366|396|454|125|338|385|471|479|500|605|632|698|227|308|331|400|245|143|416|645|681|697|739|905|355|380|419|983|499|711|841|984|342|390|572|931|489|703|980|86|336|365|511|713|719|848|863|901|754|756|830|160|438|770|864|997|265|684|850|929|337|740|276|452|930|349|451|702|982|352|783|956|650|255|590|640|661|393|488|656|785|854|415|655|741|187|424|647|730|734|736|566|763|344|611|628|671|968|746|998|384|622|636|240|520|595|855|412|722|484|927|328|360|952|457|277|840|782|871|947|759|769|631|799|322|798|474|680|805|825|784|815|624|325|812|958|527|546|492|794|718|823|346|623|651|570|262|787|449|515|569|817|494|914|406|860|910|972|868|538|660|692|904|732|936|475|637|865|701|995|969|596|876|907|943|962|909|807|974|630|748|985|414|870|951|591|487|978|852|965|550|990|874|676|934|942,1
barabasi_2,6|9|0|10|2|7|5|16|8|12|3|23|44|13|22|11|37|35|18|59|30|19|54|15|45|21|17|20|60|25|58|14|31|34|47|51|27|139|81|4|49|28|52|199|33|115|65|39|41|145|1|88|53|105|76|57|56|78|157|29|83|50|131|144|120|46|43|64|26|85|136|134|205|42|48|38|229|156|112|32|84|98|123|307|111|24|368|121|169|163|207|69|210|182|71|151|90|100|203|146,0|1|2|3|4|5|6|7|8|10|11|13|14|16|25|29|30|34|41|44|47|54|77|80|85|88|101|107|115|116|119|122|129|131|150|174|178|186|198|212|221|222|223|244|268|274|293|294|332|347|363|364|369|374|391|428|429|436|440|461|462|476|477|483|496|506|519|521|539|544|547|573|576|585|597|621|638|659|662|695|696|699|707|727|729|771|790|851|887|940|963|973|27|52|123|134|242|283|339|514|516|523|525|533|564|587|593|600|744|755|853|888|954|9|12|15|19|22|33|35|36|39|45|48|51|55|56|70|73|84|93|100|109|140|161|162|183|189|190|194|202|203|216|219|220|224|231|238|253|258|279|282|302|304|314|327|368|372|377|388|439|447|470|486|501|518|543|554|565|586|594|678|750|753|796|810|842|884|916|932|941|955|976|17|18|20|21|37|61|62|92|96|99|104|136|155|164|170|176|182|188|201|217|243|275|300|310|315|323|386|387|404|456|467|502|505|528|536|537|556|649|721|793|813|836|917|922|49|57|68|118|121|135|226|228|241|287|455|561|629|824|875|28|32|50|60|65|66|71|76|81|94|127|132|151|154|169|175|192|214|225|235|239|250|296|312|319|320|329|392|418|441|497|522|524|526|529|552|588|599|672|694|700|733|752|797|804|806|835|845|912|918|953|23|24|31|38|42|46|53|63|64|74|75|90|95|106|112|157|167|172|181|199|200|207|211|213|229|236|248|257|259|264|284|292|295|367|375|381|409|420|422|432|434|459|465|466|468|532|541|548|568|693|705|725|761|764|795|801|802|890|898|923|928|933|950|959|979|996|43|59|103|110|124|146|153|173|196|209|210|233|267|271|285|299|316|324|334|379|382|397|399|421|444|445|463|503|513|580|583|666|709|728|749|789|903|987|989|999|83|87|91|130|138|171|197|205|256|343|453|485|531|559|601|617|619|673|685|710|773|776|814|844|856|977|981|105|111|120|126|144|156|184|191|218|254|272|273|288|290|362|398|408|425|437|443|448|478|480|482|498|504|507|540|545|620|627|646|716|737|743|758|762|803|808|818|861|873|886|908|925|944|946|948|966|26|40|58|78|82|98|102|137|149|168|180|185|193|206|234|269|291|298|313|326|341|354|356|378|493|551|555|557|608|616|667|669|670|689|723|766|768|777|827|897|993|72|113|166|232|278|351|401|490|549|682|724|738|829|833|994|179|195|208|230|247|263|280|306|361|411|435|446|473|509|665|751|839|900|915|960|991|204|353|405|426|430|563|574|578|626|634|648|862|894|920|937|938|97|246|270|558|635|683|889|961|373|410|417|575|584|625|765|786|838|869|133|142|145|148|301|305|307|333|370|371|394|562|609|615|654|686|708|747|772|788|816|957|141|158|251|286|376|919|69|108|114|139|237|260|311|335|350|491|581|607|163|357|403|571|610|714|992|317|330|345|383|402|512|633|674|726|899|964|215|309|464|614|775|819|858|913|348|413|663|687|720|780|831|924|67|252|469|481|553|577|579|592|643|809|820|867|879|896|359|612|89|147|297|389|442|535|603|639|664|822|318|843|79|159|165|289|340|458|792|877|423|460|598|690|911|177|249|358|534|717|395|657|731|826|895|939|117|128|152|303|472|602|618|668|846|542|704|281|366|396|454|125|338|385|471|479|500|605|632|698|227|308|331|400|735|885|245|143|416|645|681|697|739|380|261|419|508|828|499|711|841|984|342|390|572|931|489|703|980|86|336|365|511|713|719|848|849|863|901|975|754|756|830|160|438|770|864|265|691|850|740|276|452|613|930|653|935|349|451|702|982|352|956|650|255|590|640|661|393|488|656|854|655|741|187|424|495|647|734|736|566|688|344|611|628|671|968|746|998|384|622|636|240|520|715|582|855|412|722|484|781|328|360|952|457|277|840|782|871|947|759|769|631|641|799|322|567|798|474|680|805|825|784|815|883|325|791|812|958|527|546|794|718|823|623|651|262|449|515|569|774|494|821|914|406|706|860|910|972|868|906|538|660|692|904|936|475|637|865|995|949|969|882|596|907|943|962|644|909|872|807|974|630|748|985|414|870|951|510|591|487|880|978|967|921|965|878|990|676|934,2
