network,method,threshold,ACC,recall,PPV,f12
,infomap,,0.9087327123424682,0.26598749931360616,0.5161071402461703,0.35105226571875287
,infomap,1.0,0.9082927365202484,0.26909666816068073,0.5222132904947394,0.3551727234171022
,infomap,0.35,0.8233966669409996,0.5609441104106659,0.4175930693072775,0.4787684671189505
,df_node_similarity,,0.9237610967928034,0.3201663948863001,0.43919199691368593,0.37035086418537283
,df_node_similarity,1.0,0.9255141330606357,0.31485498812334234,0.4546214444093965,0.37204473958738726
,df_node_similarity,0.45,0.8646974985788473,0.5478880597226626,0.39238882384463075,0.4572805204727899
,eigenvector,,0.922022033585827,0.37160115084424716,0.3461098570764249,0.35840281057066653
,eigenvector,1.0,0.9240202585090953,0.36639098121992786,0.383161001939817,0.3745883904519561
,eigenvector,0.9,0.9209520052334255,0.40556084872965453,0.3792044411138101,0.39194005384934233
,surprise_communities,,0.7811375444282418,0.31733349891374196,0.09837940507278879,0.15019538981552474
,surprise_communities,1.0,0.8402670066963818,0.338389091217405,0.13546206878904887,0.1934737749774909
,surprise_communities,0.5,0.7612022646292761,0.47151700625132326,0.1262088513288959,0.19912011162419124
,greedy_modularity,,0.9228214993356052,0.30614819983405467,0.3440679673675997,0.3240023676540933
,greedy_modularity,1.0,0.9206361925125406,0.30745028316738804,0.33986288870418396,0.322845095421352
,greedy_modularity,0.7,0.8920898641570608,0.4284445327447848,0.2700699217451212,0.331303040865509
,label_propagation,,0.9030845935678208,0.29364638554447764,0.4729079836773341,0.36231668796813793
,label_propagation,1.0,0.909920720615038,0.2945835745014686,0.4842167495922935,0.3663128956561842
,label_propagation,0.5,0.8755772115736665,0.4926122821341367,0.39874797419446484,0.44073795790124526
,walktrap,,0.8819466609008092,0.25313605757467494,0.15281607671532782,0.1905803956981428
,walktrap,1.0,0.8911704055999696,0.25703644761367883,0.15410419909533543,0.19268538012419126
,walktrap,0.35,0.7530774121376381,0.5596559755471786,0.15031576682704534,0.23698159265434593
,leiden,,0.9060288882650295,0.3525,0.34940277247262524,0.3509445527981695
,leiden,1.0,0.9068699120717217,0.3594444444444444,0.3628663309729485,0.3611472822589285
,leiden,0.45,0.8173438099747954,0.5850694444444445,0.3063661512709508,0.4021501380070641
facebook,louvain,,0.9605962372587771,0.34160830717218066,0.5125583566760038,0.40997664732597167
facebook,louvain,1.0,0.9604474292277297,0.34160830717218066,0.4963689179375454,0.4046977428708256
facebook,louvain,0.95,0.9592621195986051,0.34188333467493087,0.39397584871269087,0.36608574026133867
facebook,greedy_modularity,,0.9604551628836487,0.28545842389116965,0.499023199023199,0.363170714819514
facebook,greedy_modularity,1.0,0.9600452634553306,0.28545842389116965,0.4343708851061792,0.34451175215228397
facebook,greedy_modularity,0.95,0.9594772875367757,0.2857334513939199,0.38880254830977223,0.32939352114076476
facebook,label_propagation,,0.9556098060933811,0.3388580321446779,0.21169256814418103,0.26058904312647585
facebook,label_propagation,1.0,0.9534074287669476,0.3402331696584293,0.17683097585058372,0.23271295807296907
facebook,label_propagation,0.95,0.9526964020079866,0.3402331696584293,0.1655313072035994,0.2227093594117626
facebook,infomap,,0.9618264089071378,0.3206726770238,0.8931216931216931,0.47190814405743603
facebook,infomap,1.0,0.9618264089071378,0.3206726770238,0.8931216931216931,0.47190814405743603
facebook,infomap,0.05,0.9626251828084291,0.4023692613163755,0.7425438596491228,0.5219205175150256
facebook,surprise_communities,,0.8884527594070483,0.41855563605141,0.05632286788657919,0.09928541130842626
facebook,surprise_communities,1.0,0.9317339451412536,0.4085003622313451,0.11362400866565915,0.17779460712917114
facebook,surprise_communities,0.95,0.9284148443611824,0.4096004722423462,0.10685995409485778,0.16949948313163196
facebook,walktrap,,0.9502306506314676,0.3676889640183531,0.17383053553417327,0.23606008492078687
facebook,walktrap,1.0,0.9448565373439846,0.3685140465266039,0.13246965770091745,0.19488430138314047
facebook,walktrap,0.95,0.9423348553847674,0.3685140465266039,0.11962216551205669,0.1806153576806624
facebook,df_node_similarity,,0.9949849166030229,0.4731707317073171,0.8632275132275131,0.6112758612365111
facebook,df_node_similarity,1.0,0.9949849166030229,0.4731707317073171,0.8632275132275131,0.6112758612365111
facebook,df_node_similarity,0.1,0.9945671304202048,0.6259773538329443,0.7328843995510662,0.6752254759602111
barabasi_1,louvain,,0.9548655432179073,0.62,0.4627212293878961,0.5299372625817709
barabasi_1,louvain,1.0,0.9548655432179073,0.62,0.4627212293878961,0.5299372625817709
barabasi_1,louvain,0.9,0.9538820310114262,0.671111111111111,0.456981906981907,0.5437240199761859
barabasi_1,greedy_modularity,,0.9535981775529502,0.4844444444444444,0.4272486772486772,0.45405245068642425
barabasi_1,greedy_modularity,1.0,0.9533433355549891,0.4844444444444444,0.42231040564373895,0.45124860335799205
barabasi_1,greedy_modularity,0.85,0.9491860566372434,0.6155555555555554,0.3707070707070707,0.4627384041148891
barabasi_1,label_propagation,,0.959788803405871,0.24000000000000002,1.0,0.38709677419354843
barabasi_1,label_propagation,1.0,0.959788803405871,0.24000000000000002,1.0,0.38709677419354843
barabasi_1,label_propagation,0.6,0.9628690610581442,0.6488888888888887,0.7962962962962963,0.715074890369611
barabasi_1,infomap,,0.9594885031055708,0.24000000000000002,0.9444444444444444,0.3827392120075047
barabasi_1,infomap,1.0,0.9594885031055708,0.24000000000000002,0.9444444444444444,0.3827392120075047
barabasi_1,infomap,0.6,0.9628690610581442,0.6488888888888887,0.7962962962962963,0.715074890369611
barabasi_1,surprise_communities,,0.8021663703978261,0.46666666666666656,0.09510611712412298,0.1580099853126837
barabasi_1,surprise_communities,1.0,0.7636687420229763,0.47333333333333333,0.08054744273961334,0.13766785637057666
barabasi_1,surprise_communities,0.3,0.6577720771065808,0.8466666666666667,0.08721524536968654,0.1581404246681533
barabasi_1,walktrap,,0.8955131542338487,0.24444444444444446,0.046199422118962344,0.07771154579696186
barabasi_1,walktrap,1.0,0.8919275333056039,0.24444444444444446,0.04340205133611206,0.07371561219000126
barabasi_1,walktrap,0.1,0.5233345300985389,0.9422222222222223,0.06918027459614498,0.12889664059358003
barabasi_1,df_node_similarity,,0.9578545865644094,0.45625,0.8240740740740741,0.5873259808352921
barabasi_1,df_node_similarity,1.0,0.9578545865644094,0.45625,0.8240740740740741,0.5873259808352921
barabasi_1,df_node_similarity,0.6,0.9555491270017067,0.7077777777777777,0.6868810655575361,0.6971728699117554
barabasi_1,leiden,,0.9550127088888544,0.6725,0.5840909090909091,0.6251853861457768
barabasi_1,leiden,1.0,0.9550127088888544,0.6725,0.5840909090909091,0.6251853861457768
barabasi_1,leiden,0.95,0.9543032742467972,0.6749999999999999,0.575189393939394,0.6211104378124528
barabasi_2,louvain,,0.9590769762131117,0.46111111111111114,0.5345894845894846,0.49513910565440067
barabasi_2,louvain,1.0,0.9589303916338096,0.46111111111111114,0.5337477337477338,0.4947777502975816
barabasi_2,louvain,0.7,0.9537884975889581,0.6155555555555556,0.4313577248079425,0.5072524131991923
barabasi_2,greedy_modularity,,0.9560347858124802,0.4311111111111111,0.40580808080808084,0.4180770958635903
barabasi_2,greedy_modularity,1.0,0.9556414726977525,0.4311111111111111,0.3946538029871363,0.41207766667055823
barabasi_2,greedy_modularity,0.95,0.9539869980152835,0.4311111111111111,0.3538785288785289,0.3886954884785523
barabasi_2,label_propagation,,0.9597143290591936,0.20333333333333337,1.0,0.3379501385041552
barabasi_2,label_propagation,1.0,0.9597143290591936,0.20333333333333337,1.0,0.3379501385041552
barabasi_2,label_propagation,0.35,0.9634518509774121,0.6800000000000002,0.7257575757575757,0.7021340806208235
barabasi_2,infomap,,0.9597143290591936,0.20333333333333337,1.0,0.3379501385041552
barabasi_2,infomap,1.0,0.9597143290591936,0.20333333333333337,1.0,0.3379501385041552
barabasi_2,infomap,0.35,0.9634518509774121,0.6800000000000002,0.7257575757575757,0.7021340806208235
barabasi_2,surprise_communities,,0.8244446263429719,0.39111111111111113,0.1014924346249463,0.16116335019968975
barabasi_2,surprise_communities,1.0,0.799501749843006,0.4,0.09106834293664175,0.1483595417974504
barabasi_2,surprise_communities,0.8,0.7878818754615794,0.49444444444444435,0.0942865235803093,0.1583726703783786
barabasi_2,walktrap,,0.8809167129638635,0.20888888888888893,0.027522719257358212,0.04863712310872538
barabasi_2,walktrap,1.0,0.8742772877201771,0.20888888888888893,0.025419096931246325,0.04532297007241583
barabasi_2,walktrap,0.05,0.5282210469359878,0.8788888888888889,0.05814351024828176,0.10907133022351638
barabasi_2,df_node_similarity,,0.9872578068958108,0.3975,0.6083333333333334,0.4808202154101078
barabasi_2,df_node_similarity,1.0,0.9890730139231805,0.3975,0.6333333333333333,0.4884397736459175
barabasi_2,df_node_similarity,0.35,0.9492280988288752,0.86,0.4411464646464646,0.5831564238220373
barabasi_2,leiden,,0.9562626391316388,0.515,0.6320616883116883,0.567557565207546
barabasi_2,leiden,1.0,0.9562626391316388,0.515,0.6320616883116883,0.567557565207546
barabasi_2,leiden,0.75,0.9556833356598454,0.6175,0.6057040821021084,0.6115451643282368
watts_strogatz_graph_1,louvain,,0.9016706666583068,0.15333333333333335,0.07993827160493826,0.10508952985798711
watts_strogatz_graph_1,louvain,1.0,0.8998633610709325,0.15333333333333335,0.07922602089268754,0.10447216720773696
watts_strogatz_graph_1,louvain,0.85,0.8760764376632971,0.2844444444444445,0.10032135076252724,0.14832841816520315
watts_strogatz_graph_1,greedy_modularity,,0.9106194636996876,0.12444444444444445,0.18047538880872216,0.1473118967472956
watts_strogatz_graph_1,greedy_modularity,1.0,0.9085544056423926,0.12444444444444445,0.17677168510501842,0.14606292285413586
watts_strogatz_graph_1,greedy_modularity,0.8,0.8794317009578744,0.368888888888889,0.16187333079916202,0.2250095086810896
watts_strogatz_graph_1,label_propagation,,0.8631406486875206,0.2555555555555556,0.183253140726259,0.21344772144407634
watts_strogatz_graph_1,label_propagation,1.0,0.8726692047131436,0.25777777777777783,0.18666009116922927,0.2165289092732041
watts_strogatz_graph_1,label_propagation,0.65,0.8346871938665485,0.41555555555555557,0.19167999837977348,0.2623485653940413
watts_strogatz_graph_1,infomap,,0.8650237925997145,0.22000000000000003,0.06780337584935286,0.10365926141648607
watts_strogatz_graph_1,infomap,1.0,0.8598369456573277,0.22000000000000003,0.06603422074436567,0.10157895461567154
watts_strogatz_graph_1,infomap,0.6,0.7545891358465284,0.5,0.07957006799155718,0.1372915414132745
watts_strogatz_graph_1,surprise_communities,,0.8069300098452595,0.09555555555555556,0.04364010475121586,0.059916443441049023
watts_strogatz_graph_1,surprise_communities,1.0,0.8027462301256079,0.10222222222222223,0.04945009764621235,0.06665552257506827
watts_strogatz_graph_1,surprise_communities,0.05,0.3891934420142252,0.8066666666666666,0.05726454893478783,0.10693768664264883
watts_strogatz_graph_1,walktrap,,0.8658648519738119,0.08666666666666667,0.03106949411297237,0.0457410785600647
watts_strogatz_graph_1,walktrap,1.0,0.869784895382473,0.08666666666666667,0.033185896229374484,0.04799415109780334
watts_strogatz_graph_1,walktrap,0.5,0.7417755334406796,0.40222222222222226,0.07054243562379807,0.12003323322367913
watts_strogatz_graph_1,df_node_similarity,,0.9089638107538041,0.2377777777777778,0.1645221932587524,0.19448035955558166
watts_strogatz_graph_1,df_node_similarity,1.0,0.9090377514921203,0.23888888888888893,0.16599418699875607,0.19587959712670883
watts_strogatz_graph_1,df_node_similarity,0.8,0.8765574813580466,0.40888888888888897,0.17535396866505304,0.24544686677009359
watts_strogatz_graph_1,leiden,,0.900592313775653,0.125,0.07376893939393939,0.0927822772748928
watts_strogatz_graph_1,leiden,1.0,0.8999479838787457,0.125,0.07296765734265734,0.09214593222209956
watts_strogatz_graph_1,leiden,0.6,0.7990672505027249,0.39250000000000007,0.08807151012732282,0.1438623264030601
watts_strogatz_graph_2,louvain,,0.9155772995741476,0.19777777777777777,0.08109668109668108,0.11502753918152862
watts_strogatz_graph_2,louvain,1.0,0.9131780203372162,0.19777777777777777,0.07853257853257853,0.11242429761037552
watts_strogatz_graph_2,louvain,0.65,0.8432861045919942,0.4433333333333333,0.09005297595037602,0.14969820300892392
watts_strogatz_graph_2,greedy_modularity,,0.9225910349400118,0.16000000000000003,0.19649587884882,0.17637982642230626
watts_strogatz_graph_2,greedy_modularity,1.0,0.9188748608412864,0.16000000000000003,0.1948752772282184,0.1757239591331871
watts_strogatz_graph_2,greedy_modularity,0.75,0.8817518054724931,0.28888888888888886,0.15598221650278613,0.2025824049518467
watts_strogatz_graph_2,label_propagation,,0.8546632363948712,0.37888888888888883,0.10213857193262792,0.1609021238253606
watts_strogatz_graph_2,label_propagation,1.0,0.8730202991912245,0.33555555555555555,0.10327485737491898,0.15794006577594308
watts_strogatz_graph_2,label_propagation,0.9,0.8649625224835211,0.35444444444444445,0.1045987480045451,0.16152922311412024
watts_strogatz_graph_2,infomap,,0.8694893042396602,0.16222222222222224,0.07257179070397461,0.10028157883519219
watts_strogatz_graph_2,infomap,1.0,0.8650843321561131,0.16222222222222224,0.07130174285710528,0.09906244244069674
watts_strogatz_graph_2,infomap,0.75,0.8131787756541945,0.27666666666666667,0.07076347244350689,0.11270118414508207
watts_strogatz_graph_2,surprise_communities,,0.8311717194847588,0.2777777777777778,0.07635852981516274,0.11978835421085707
watts_strogatz_graph_2,surprise_communities,1.0,0.8237818142718801,0.2788888888888889,0.0752948291632416,0.11857626522134164
watts_strogatz_graph_2,surprise_communities,0.9,0.812693690550566,0.29888888888888887,0.07393450826418428,0.1185451513739379
watts_strogatz_graph_2,walktrap,,0.8792967441116919,0.14333333333333337,0.04966224470604128,0.07376599139572339
watts_strogatz_graph_2,walktrap,1.0,0.8842084012003707,0.14333333333333337,0.05047086003050147,0.07465428357157335
watts_strogatz_graph_2,walktrap,0.3,0.6516053364614447,0.5911111111111111,0.059668277415196175,0.10839489505300101
watts_strogatz_graph_2,df_node_similarity,,0.9176417586098226,0.3416666666666666,0.1984414203617102,0.25106388980997474
watts_strogatz_graph_2,df_node_similarity,1.0,0.9167457012621524,0.3416666666666666,0.20567887245210353,0.2567797112866204
watts_strogatz_graph_2,df_node_similarity,0.95,0.9088536467963834,0.34944444444444445,0.18930807559413598,0.24557715405248592
watts_strogatz_graph_2,leiden,,0.9147017813488334,0.14625,0.09295343137254902,0.11366425021773656
watts_strogatz_graph_2,leiden,1.0,0.9147017813488334,0.14625,0.09295343137254902,0.11366425021773656
watts_strogatz_graph_2,leiden,0.8,0.8874346517369303,0.345,0.12173892132076788,0.17997182551999055
soc_anybeat,infomap,,0.9118801818025875,0.310715628089815,0.30110023588369605,0.3058323734954498
soc_anybeat,infomap,1.0,0.919012585937931,0.30705950160760154,0.3611667798034434,0.33192256721626956
soc_anybeat,infomap,0.05,0.8754918889346693,0.6369643023871028,0.255262596567087,0.36446594905053
soc_anybeat,df_node_similarity,,0.9340656918719018,0.1884774322638068,0.47197842624699504,0.26938146044620553
soc_anybeat,df_node_similarity,1.0,0.934239258159957,0.18668459806768606,0.5073101858387525,0.2729328817310495
soc_anybeat,df_node_similarity,0.05,0.932266485086988,0.5806179403919904,0.35105377614224154,0.43755352202548053
soc_anybeat,eigenvector,,0.9720785718009133,0.34403391883706846,0.14883505546878129,0.2077806072714265
soc_anybeat,eigenvector,1.0,0.9889255772347725,0.3400969109630527,0.35271593598206497,0.3462915008111701
soc_anybeat,eigenvector,0.85,0.9880478224204952,0.37113870381586916,0.3109652205396886,0.33839778591496844
soc_anybeat,surprise_communities,,0.4794101188104403,0.10539067231980619,0.0024604700114242216,0.004808675793721871
soc_anybeat,surprise_communities,1.0,0.9579499025955349,0.10539067231980619,0.03624225604203069,0.053936549569857876
soc_anybeat,surprise_communities,0.95,0.9568068981576352,0.10670300827781143,0.035848869406605345,0.0536672300804263
soc_anybeat,walktrap,,0.7550716417620745,0.2214819301433475,0.006730070178319028,0.013063195020360761
soc_anybeat,walktrap,1.0,0.9830620265259754,0.2214819301433475,0.08694541990865064,0.12487115306243264
soc_anybeat,walktrap,0.05,0.9638101953802626,0.858267716535433,0.11501870548880462,0.20285260224513743
soc_anybeat,greedy_modularity,,0.989121220683809,0.3076923076923077,0.05555555555555555,0.09411764705882353
soc_anybeat,greedy_modularity,1.0,0.9935009889799379,0.3076923076923077,0.0975609756097561,0.14814814814814817
soc_anybeat,greedy_modularity,0.15,0.9902514834699068,0.7692307692307693,0.13157894736842105,0.2247191011235955
karate_graph,louvain,,0.8894147010238603,0.7222222222222222,0.6666666666666666,0.6933333333333334
karate_graph,louvain,1.0,0.8938417960418827,0.7222222222222222,0.7203703703703703,0.7212951076879189
karate_graph,louvain,0.45,0.8845943080250076,0.7592592592592593,0.6944444444444443,0.7254069355980184
karate_graph,greedy_modularity,,0.8928524577408081,0.6388888888888888,0.7037037037037037,0.6697318007662835
karate_graph,greedy_modularity,1.0,0.8880215398664122,0.6296296296296297,0.7388888888888889,0.6798977597353781
karate_graph,greedy_modularity,0.35,0.898672713916279,0.8148148148148149,0.753968253968254,0.7832115420648305
karate_graph,label_propagation,,0.8844364205037841,0.5925925925925926,0.7592592592592592,0.6656519533231862
karate_graph,label_propagation,1.0,0.9017785449786166,0.5925925925925926,0.8518518518518519,0.6989553656220322
karate_graph,label_propagation,0.3,0.9349382912446581,0.8981481481481483,0.7777777777777778,0.8336402701043585
karate_graph,infomap,,0.9187369035711117,0.6666666666666666,0.8148148148148148,0.7333333333333333
karate_graph,infomap,1.0,0.9090750678223196,0.6666666666666666,0.787037037037037,0.7218683651804669
karate_graph,infomap,0.35,0.9156110155347379,0.9166666666666666,0.7452380952380953,0.8221107927411653
karate_graph,surprise_communities,,0.7131160358751928,0.6111111111111112,0.3131834215167548,0.4141317771523372
karate_graph,surprise_communities,1.0,0.8647932402587583,0.7407407407407407,0.5222222222222223,0.6125773867709351
karate_graph,surprise_communities,0.5,0.8647932402587583,0.7407407407407407,0.5222222222222223,0.6125773867709351
karate_graph,walktrap,,0.9108548796707814,0.7222222222222222,0.7777777777777778,0.7489711934156379
karate_graph,walktrap,1.0,0.9080580324803414,0.7222222222222222,0.7666666666666667,0.7437810945273632
karate_graph,walktrap,0.4,0.9135769448507816,0.8518518518518517,0.724074074074074,0.7827827827827828
karate_graph,df_node_similarity,,0.9190028958802982,0.7222222222222222,0.8703703703703703,0.7894056847545219
karate_graph,df_node_similarity,1.0,0.9379227445215091,0.712962962962963,1.0,0.8324324324324325
karate_graph,df_node_similarity,0.35,0.9444586922339274,0.8518518518518519,0.9259259259259258,0.8873456790123456
karate_graph,leiden,,0.8778798681712937,0.625,0.6666666666666666,0.6451612903225806
karate_graph,leiden,1.0,0.8817161853068436,0.625,0.7083333333333334,0.6640625
karate_graph,leiden,0.45,0.8790358734160053,0.7604166666666667,0.7148809523809524,0.7369460695313025
,leiden,,0.9149100810785249,0.28995473066470406,0.29050562338377467,0.29022991560863554
,leiden,1.0,0.9040854309891871,0.30715049786047127,0.28748840252899743,0.29699438065036815
,leiden,0.65,0.8875249628901235,0.3762101657320203,0.27022826559892255,0.3145314871739149
,eigenvector,,0.9176057754945658,0.28872417903811287,0.30098425049091504,0.29472677097661704
,eigenvector,1.0,0.9145971552030624,0.30988820020213403,0.3133174322133238,0.31159338141480114
,eigenvector,0.5,0.8877874393864033,0.3569901961160113,0.2930451390528578,0.32187247677588593
,louvain,,0.9115491117343589,0.2741739144878483,0.28127035066810974,0.27767680003102546
,louvain,1.0,0.904905743093933,0.2860786763926101,0.29093794753283947,0.2884878510998699
,louvain,0.5,0.8733647470345207,0.38964931917117385,0.26303030303878183,0.3140578471055122
,greedy_modularity,,0.9210602796935679,0.2618437128265672,0.31330485833286953,0.28527205479134815
,greedy_modularity,1.0,0.9135799763361285,0.2631664641493185,0.2933318872744643,0.2774316056777745
,greedy_modularity,0.35,0.8603815936153153,0.39459661994073975,0.23237500526893684,0.2924993347415648
,label_propagation,,0.8992721423458943,0.23610591721193017,0.3843810339532883,0.2925271398858016
,label_propagation,1.0,0.8973330246408663,0.24804839717421215,0.39299561712461195,0.30413491351565425
,label_propagation,0.1,0.7646597733952435,0.48048499391170235,0.322077961693278,0.3856485684581175
,infomap,,0.9084447494591225,0.23094265756424645,0.4896606675875971,0.31385793523374067
,infomap,1.0,0.8942384197501321,0.2506781072996962,0.48758886055742273,0.33112101184677595
,infomap,0.1,0.713806609534741,0.5279153234719524,0.41788294442848717,0.4664986546678665
,walktrap,,0.8880438769755831,0.23792065153089054,0.15693490085419706,0.18912259753537358
,walktrap,1.0,0.8720274632075012,0.2509333813753036,0.15225427349820414,0.1895181026300566
,walktrap,0.4,0.8019839622872253,0.35525839808138765,0.1444584016643451,0.20539657818502685
,df_node_similarity,,0.9152790138981551,0.2718123805627407,0.38633641698786125,0.31911027290595767
,df_node_similarity,1.0,0.9090066055927873,0.307476565033711,0.39981339089326023,0.3476176836845485
,df_node_similarity,0.25,0.8231831064267261,0.47928800041546954,0.3597792395353689,0.41102277409378646
facebook,eigenvector,,0.9598609909325497,0.33995814215567904,0.4270152505446624,0.37854588602142675
facebook,eigenvector,1.0,0.95888514606384,0.33995814215567904,0.3502645502645503,0.3450343985457789
facebook,eigenvector,0.95,0.95888514606384,0.33995814215567904,0.3502645502645503,0.3450343985457789
facebook,louvain,,0.9602461278281255,0.33995814215567904,0.4689075630252101,0.3941542902555086
facebook,louvain,1.0,0.9598313891445586,0.33995814215567904,0.4300653594771242,0.3797396321108053
facebook,louvain,0.9,0.9598313891445586,0.33995814215567904,0.4300653594771242,0.3797396321108053
facebook,greedy_modularity,,0.9602762717540073,0.23586895274893344,0.47195767195767196,0.31454075882670574
facebook,greedy_modularity,1.0,0.9595689503660986,0.23586895274893344,0.37949725474235285,0.2909214674367425
facebook,greedy_modularity,0.9,0.9595678537838285,0.23614398025168373,0.3816821150412482,0.29177121045360455
facebook,label_propagation,,0.9557264888039203,0.33940808715017845,0.21816779336940625,0.26560658741652526
facebook,label_propagation,1.0,0.9523966972733917,0.3407832246639298,0.16604082583417712,0.22328825160535337
facebook,label_propagation,0.75,0.9524846505310636,0.34647830636722216,0.1710316179599943,0.22901491368716587
facebook,infomap,,0.9616455062050995,0.25400601035713327,0.8365079365079365,0.38968422952365817
facebook,infomap,1.0,0.9616455062050995,0.25400601035713327,0.8365079365079365,0.38968422952365817
facebook,infomap,0.15,0.9617916393146307,0.33587297754165657,0.7847966847966849,0.4704187293470293
facebook,surprise_communities,,0.8878102918087838,0.4106603343261155,0.05239102714915791,0.09292669675439735
facebook,surprise_communities,1.0,0.9265126373062229,0.40280528052805287,0.09955817218044642,0.15965555319675998
facebook,surprise_communities,0.75,0.9242241737499847,0.41529555394563844,0.09995885883345015,0.16113387336989082
facebook,walktrap,,0.9495287830085967,0.3595186347903084,0.1526401369244198,0.21429672465646865
facebook,walktrap,1.0,0.9413027532364224,0.3617188548123105,0.10797078610944809,0.1663015987665792
facebook,walktrap,0.8,0.940977760885123,0.36254393732056134,0.10900025397658299,0.167608389520844
facebook,df_node_similarity,,0.9986379733042767,0.6,0.6682539682539683,0.6322903629536922
facebook,df_node_similarity,1.0,0.9986379733042767,0.6,0.6682539682539683,0.6322903629536922
facebook,df_node_similarity,0.15,0.9986379733042767,0.8,0.6423983423983424,0.7125891077552926
barabasi_1,eigenvector,,0.9462345117934006,0.26,0.33860830527497193,0.29414279286035694
barabasi_1,eigenvector,1.0,0.9494537655586301,0.3155555555555556,0.3775132275132275,0.3437650032657285
barabasi_1,eigenvector,0.15,0.9155689378034073,0.4799999999999999,0.2825787626022224,0.3557345488778538
barabasi_1,louvain,,0.9490050876423819,0.3755555555555556,0.34843304843304845,0.36148626195847977
barabasi_1,louvain,1.0,0.9490050876423819,0.3755555555555556,0.34843304843304845,0.36148626195847977
barabasi_1,louvain,0.6,0.9407945007470846,0.5133333333333333,0.3119196852530186,0.38804770938614114
barabasi_1,greedy_modularity,,0.9497990641704652,0.2888888888888889,0.3326719576719576,0.3092383722304982
barabasi_1,greedy_modularity,1.0,0.9486833384754999,0.2888888888888889,0.3172398589065255,0.30240133200779157
barabasi_1,greedy_modularity,0.75,0.9458599510376443,0.43333333333333335,0.3166458541458541,0.36591202997086164
barabasi_1,label_propagation,,0.9587541285962415,0.21555555555555556,0.7777777777777778,0.3375590355456127
barabasi_1,label_propagation,1.0,0.9587541285962415,0.21555555555555556,0.7777777777777778,0.3375590355456127
barabasi_1,label_propagation,0.05,0.9590736572901954,0.4066666666666667,0.7222222222222222,0.5203412073490814
barabasi_1,infomap,,0.9584538282959413,0.21555555555555556,0.7222222222222222,0.3320168509741969
barabasi_1,infomap,1.0,0.9584538282959413,0.21555555555555556,0.7222222222222222,0.3320168509741969
barabasi_1,infomap,0.05,0.9575721557886939,0.4066666666666667,0.7053872053872055,0.5159056961769811
barabasi_1,surprise_communities,,0.8036652902363826,0.47333333333333333,0.099512133158046,0.16445066758861143
barabasi_1,surprise_communities,1.0,0.7594223617696652,0.5355555555555556,0.08899095822960229,0.15262146540608393
barabasi_1,surprise_communities,0.65,0.7519308949561834,0.6088888888888888,0.09611308447713977,0.16601993022957265
barabasi_1,walktrap,,0.8938142800780664,0.14444444444444446,0.03467662180305859,0.055926926703661596
barabasi_1,walktrap,1.0,0.8848472835067471,0.14444444444444446,0.03007480358701549,0.04978405929320914
barabasi_1,walktrap,0.05,0.5876171613838862,0.6000000000000001,0.038393789458276414,0.0721694792629916
barabasi_1,df_node_similarity,,0.9562501111849796,0.31666666666666665,0.5740740740740741,0.40817740817740816
barabasi_1,df_node_similarity,1.0,0.9559353488305571,0.3477777777777778,0.5694444444444444,0.43182582946362474
barabasi_1,df_node_similarity,0.1,0.9476513116111727,0.6811111111111111,0.5326278659611994,0.5977871098259364
barabasi_2,eigenvector,,0.94760769221455,0.2833333333333333,0.2512856534695615,0.26634894597421077
barabasi_2,eigenvector,1.0,0.9513380913450438,0.2833333333333333,0.27726054809388145,0.2802640481671613
barabasi_2,eigenvector,0.25,0.9409810866744392,0.4488888888888889,0.26833966043327206,0.33588928419135766
barabasi_2,louvain,,0.9548869963255847,0.23000000000000004,0.3810411810411811,0.2868529138744422
barabasi_2,louvain,1.0,0.9547668762054646,0.23000000000000004,0.3743256743256743,0.2849288347412097
barabasi_2,louvain,0.4,0.9448332573922027,0.5566666666666666,0.29412979164189085,0.3848917072507887
barabasi_2,greedy_modularity,,0.9536323129024142,0.2722222222222222,0.30513468013468015,0.28774035735691955
barabasi_2,greedy_modularity,1.0,0.9529375666559877,0.2722222222222222,0.29444444444444445,0.2828976034858388
barabasi_2,greedy_modularity,0.95,0.9526522748876948,0.2722222222222222,0.2904040404040404,0.2810193496908039
barabasi_2,label_propagation,,0.9594111609524786,0.1477777777777778,0.8888888888888888,0.2534238418482792
barabasi_2,label_propagation,1.0,0.9594111609524786,0.1477777777777778,0.8888888888888888,0.2534238418482792
barabasi_2,label_propagation,0.05,0.959600650260554,0.18444444444444444,0.7685185185185185,0.2974910394265233
barabasi_2,infomap,,0.9594111609524786,0.1477777777777778,0.8888888888888888,0.2534238418482792
barabasi_2,infomap,1.0,0.9594111609524786,0.1477777777777778,0.8888888888888888,0.2534238418482792
barabasi_2,infomap,0.05,0.959600650260554,0.18444444444444444,0.7685185185185185,0.2974910394265233
barabasi_2,surprise_communities,,0.8225136772643888,0.42666666666666664,0.09566841941280084,0.156292490027822
barabasi_2,surprise_communities,1.0,0.7879265317982193,0.47666666666666657,0.09118051894359189,0.1530789097178317
barabasi_2,surprise_communities,0.65,0.7721735606679612,0.49666666666666676,0.09235412992643262,0.1557473628393749
barabasi_2,walktrap,,0.8801184933002085,0.15111111111111114,0.019646064321879746,0.034771465399468494
barabasi_2,walktrap,1.0,0.8690009256435258,0.15111111111111114,0.017241904186684878,0.030952142968304536
barabasi_2,walktrap,0.85,0.864081184759966,0.1544444444444445,0.021663228822976967,0.0379968149980265
barabasi_2,df_node_similarity,,0.9864392530076798,0.30333333333333334,0.5277777777777777,0.3852495543672014
barabasi_2,df_node_similarity,1.0,0.9874832821693864,0.32833333333333325,0.5337301587301587,0.40656263426011163
barabasi_2,df_node_similarity,0.05,0.9571721718650933,0.6283333333333333,0.41052990121684274,0.49659976922039034
watts_strogatz_graph_1,eigenvector,,0.9005866649474186,0.060000000000000005,0.0902874902874903,0.07209182090786889
watts_strogatz_graph_1,eigenvector,1.0,0.9011987385674184,0.060000000000000005,0.08973063973063973,0.07191364965145042
watts_strogatz_graph_1,eigenvector,0.1,0.6834367535831698,0.5933333333333333,0.0828521881563923,0.1454008209595766
watts_strogatz_graph_1,louvain,,0.8975811673354924,0.051111111111111114,0.04290123456790123,0.04664769825636536
watts_strogatz_graph_1,louvain,1.0,0.8963256745545759,0.051111111111111114,0.04290123456790123,0.04664769825636536
watts_strogatz_graph_1,louvain,0.05,0.4734747290852557,0.7222222222222222,0.06027815395590097,0.11126952427579204
watts_strogatz_graph_1,greedy_modularity,,0.908277318870077,0.09777777777777777,0.1456830206830207,0.11701729487783166
watts_strogatz_graph_1,greedy_modularity,1.0,0.9015837182656166,0.09777777777777777,0.13510101010101008,0.11344851683173088
watts_strogatz_graph_1,greedy_modularity,0.35,0.8161737166072578,0.29333333333333333,0.10970734143752897,0.1596901859759143
watts_strogatz_graph_1,label_propagation,,0.8562576454399831,0.11333333333333334,0.041994014216236435,0.061281180503705124
watts_strogatz_graph_1,label_propagation,1.0,0.8598548495207394,0.13555555555555557,0.04198104192944234,0.06410806044683273
watts_strogatz_graph_1,label_propagation,0.25,0.7329900886064866,0.4355555555555556,0.10916363212874382,0.17457371619467835
watts_strogatz_graph_1,infomap,,0.8642833435377522,0.14888888888888893,0.06945481083412117,0.09472267462902641
watts_strogatz_graph_1,infomap,1.0,0.8473855887580695,0.15111111111111114,0.06480655571038073,0.0907104155472005
watts_strogatz_graph_1,infomap,0.05,0.29955552893748993,0.8866666666666666,0.05624532255067097,0.10578050386863812
watts_strogatz_graph_1,surprise_communities,,0.8091857886900728,0.08888888888888889,0.057893752338196776,0.0701187998244198
watts_strogatz_graph_1,surprise_communities,1.0,0.7910083352118765,0.11555555555555556,0.052667990383693575,0.07235703961418391
watts_strogatz_graph_1,surprise_communities,0.65,0.7708881565433656,0.24666666666666665,0.07034653836628052,0.10947270242919871
watts_strogatz_graph_1,walktrap,,0.8683367479961549,0.08,0.04677102285797938,0.059030553580531234
watts_strogatz_graph_1,walktrap,1.0,0.8645002286354818,0.08444444444444445,0.05670929241261723,0.0678520427336662
watts_strogatz_graph_1,walktrap,0.05,0.43404765930258754,0.6711111111111111,0.054096334184094784,0.10012211313287749
watts_strogatz_graph_1,df_node_similarity,,0.9032990087286549,0.12222222222222225,0.12166305916305917,0.12194199968772856
watts_strogatz_graph_1,df_node_similarity,1.0,0.8997013367422202,0.12333333333333335,0.11478475228475227,0.11890559323431926
watts_strogatz_graph_1,df_node_similarity,0.35,0.816013042621288,0.3733333333333334,0.10960373830078948,0.16945780876655683
watts_strogatz_graph_2,eigenvector,,0.9131081907065697,0.29999999999999993,0.14695936779270113,0.19727882897068252
watts_strogatz_graph_2,eigenvector,1.0,0.9181568058901948,0.35555555555555546,0.16114974350268468,0.22178091334911604
watts_strogatz_graph_2,eigenvector,0.95,0.9171971404200521,0.3566666666666666,0.1604763179891057,0.22135678183554175
watts_strogatz_graph_2,louvain,,0.9150671738960536,0.16333333333333336,0.07902036235369568,0.10651093351680825
watts_strogatz_graph_2,louvain,1.0,0.9112730964576724,0.16333333333333336,0.07504284849822607,0.10283744368977762
watts_strogatz_graph_2,louvain,0.75,0.894570741930258,0.24888888888888885,0.09020344581509462,0.13241605961082348
watts_strogatz_graph_2,greedy_modularity,,0.9223291515470883,0.20666666666666667,0.1162581064541849,0.14880664064056257
watts_strogatz_graph_2,greedy_modularity,1.0,0.9164233055504426,0.20666666666666667,0.11076679311973431,0.14423056678911864
watts_strogatz_graph_2,greedy_modularity,0.45,0.863537351172876,0.28222222222222226,0.10798776695852909,0.156205880981352
watts_strogatz_graph_2,label_propagation,,0.8509177443125501,0.2533333333333333,0.08791283749478346,0.1305289498856414
watts_strogatz_graph_2,label_propagation,1.0,0.8614022174877578,0.2577777777777778,0.08420018756429852,0.12693763597947472
watts_strogatz_graph_2,label_propagation,0.85,0.8592150782689383,0.3255555555555556,0.08728477748984775,0.13766118255759327
watts_strogatz_graph_2,infomap,,0.8680962393572084,0.14666666666666667,0.06318830063082938,0.08832402249232396
watts_strogatz_graph_2,infomap,1.0,0.8538882542642484,0.16222222222222224,0.06367105487069438,0.09144902535641662
watts_strogatz_graph_2,infomap,0.35,0.6901170601969338,0.5733333333333334,0.059278161045634464,0.10744713293433855
watts_strogatz_graph_2,surprise_communities,,0.8274036626148777,0.20444444444444446,0.062449428539447335,0.09567427367949294
watts_strogatz_graph_2,surprise_communities,1.0,0.8058819055254407,0.2788888888888889,0.06508868568425233,0.10554473646862361
watts_strogatz_graph_2,surprise_communities,0.9,0.8039598767108989,0.29000000000000004,0.06525961904065417,0.1065434319436344
watts_strogatz_graph_2,walktrap,,0.8805804747218257,0.19888888888888892,0.0559215711831536,0.08729766552278707
watts_strogatz_graph_2,walktrap,1.0,0.8816990048520841,0.20000000000000004,0.05727315668169154,0.08904645540234443
watts_strogatz_graph_2,walktrap,0.85,0.8746278019010928,0.20333333333333337,0.05860102829452504,0.09098113241679753
watts_strogatz_graph_2,df_node_similarity,,0.9154829553332477,0.2716666666666666,0.12414498746020486,0.17041466351507983
watts_strogatz_graph_2,df_node_similarity,1.0,0.91171506285147,0.29999999999999993,0.13012243067390128,0.18151450107360806
watts_strogatz_graph_2,df_node_similarity,0.95,0.9113738362104229,0.30055555555555546,0.12929850887012012,0.1808119935675669
karate_graph,eigenvector,,0.8996792243827135,0.6666666666666666,0.7592592592592592,0.7099567099567099
karate_graph,eigenvector,1.0,0.9137681551495285,0.6851851851851852,0.8777777777777778,0.7696155871511323
karate_graph,eigenvector,0.25,0.89927540152634,0.7592592592592593,0.8293650793650793,0.7927652881857711
karate_graph,louvain,,0.8595508450730479,0.6296296296296297,0.5925925925925926,0.6105499438832772
karate_graph,louvain,1.0,0.8938417960418827,0.7222222222222222,0.7203703703703703,0.7212951076879189
karate_graph,louvain,0.65,0.8938417960418827,0.7222222222222222,0.7203703703703703,0.7212951076879189
karate_graph,greedy_modularity,,0.8905427259624774,0.6851851851851852,0.7407407407407408,0.711880711880712
karate_graph,greedy_modularity,1.0,0.8928524577408081,0.6851851851851852,0.7555555555555556,0.7186518137674951
karate_graph,greedy_modularity,0.3,0.8880215398664122,0.8148148148148149,0.7293650793650793,0.769725696229037
karate_graph,label_propagation,,0.8738544099217735,0.5648148148148148,0.6481481481481481,0.6036188860616342
karate_graph,label_propagation,1.0,0.891196534396606,0.5648148148148148,0.7407407407407408,0.6409246125558182
karate_graph,label_propagation,0.55,0.9159947814170754,0.6851851851851852,0.8703703703703705,0.7667548500881833
karate_graph,infomap,,0.9187369035711117,0.6666666666666666,0.8148148148148148,0.7333333333333333
karate_graph,infomap,1.0,0.9139059856967157,0.7222222222222222,0.8037037037037037,0.7607874865156419
karate_graph,infomap,0.5,0.9232913042607781,0.7870370370370371,0.8055555555555556,0.7961886304909561
karate_graph,surprise_communities,,0.6600959142051858,0.537037037037037,0.25639329805996475,0.34708200837681247
karate_graph,surprise_communities,1.0,0.8647932402587583,0.7407407407407407,0.5222222222222223,0.6125773867709351
karate_graph,surprise_communities,0.45,0.8647932402587583,0.7407407407407407,0.5222222222222223,0.6125773867709351
karate_graph,walktrap,,0.9108548796707814,0.7222222222222222,0.7777777777777778,0.7489711934156379
karate_graph,walktrap,1.0,0.9080580324803414,0.7222222222222222,0.7666666666666667,0.7437810945273632
karate_graph,walktrap,0.4,0.9145939801927597,0.8148148148148148,0.7314814814814814,0.770902639166112
karate_graph,df_node_similarity,,0.8988008756782779,0.7037037037037037,0.8333333333333335,0.7630522088353415
karate_graph,df_node_similarity,1.0,0.9379227445215091,0.712962962962963,1.0,0.8324324324324325
karate_graph,df_node_similarity,0.5,0.9379227445215091,0.7361111111111112,1.0,0.8480000000000001
,louvain,,0.8897192324859758,0.10829258168313691,0.14429225916997657,0.12372699176745892
,louvain,1.0,0.8559045128759998,0.11142975047247965,0.13248742943182018,0.12104962190953678
,louvain,0.85,0.7092645371288793,0.2740645931616136,0.09472083136142223,0.14078444745788185
,greedy_modularity,,0.8971701450632046,0.08713123587846469,0.13848988192442954,0.10696511644162596
,greedy_modularity,1.0,0.8751080445065342,0.08990118893010787,0.13278196673028836,0.1072129289898865
,greedy_modularity,0.8,0.7262320472465922,0.36503754480837547,0.12458726088910167,0.18577093031294742
,label_propagation,,0.8848318510741141,0.11365169505740853,0.16891804807968097,0.1358802416487366
,label_propagation,1.0,0.8705494590387347,0.11611253534433577,0.16349672456202047,0.1357896316863659
,label_propagation,0.15,0.47384374481027053,0.6919539474840324,0.1946953080716448,0.3038860882872182
,infomap,,0.8797989685879991,0.0784879955679121,0.17966294828459817,0.10924914298772524
,infomap,1.0,0.8387929584727691,0.08199461978105804,0.16339803166808028,0.10919446365226165
,infomap,0.05,0.38125190574749573,0.7017931049164365,0.16158300541277726,0.2626846810183863
,df_node_similarity,,0.8973468545353711,0.14366798678653409,0.18145836816250058,0.16036693453265422
,df_node_similarity,1.0,0.879685753865592,0.1454227775110684,0.17440610246136218,0.15860118596542966
,df_node_similarity,0.05,0.5003513594869577,0.7281207457605334,0.16226608864785647,0.26538870727221703
,walktrap,,0.8605795180439338,0.05551188283801637,0.020536387374670735,0.029981313885786516
,walktrap,1.0,0.8329258048475594,0.060947996781891556,0.019811453506950266,0.02990283862179853
,walktrap,0.25,0.3282557935151041,0.7389824567020656,0.05871270711048643,0.10878255882301333
,eigenvector,,0.8920043322608622,0.1552552451479543,0.1756055567256952,0.16480455590023244
,eigenvector,1.0,0.8741166349090727,0.1561071362755612,0.17983191267347623,0.1671317757565713
,eigenvector,0.8,0.699682514124263,0.32837830169754517,0.13489478374562522,0.19123286625585711
,surprise_communities,,0.764759364060288,0.03846181226354344,0.017295197029642342,0.023860842955807333
,surprise_communities,1.0,0.7455490300222177,0.038699501428801436,0.016569244878563275,0.0232037655526366
,surprise_communities,0.15,0.2773553037000155,0.6716002072768255,0.05214119863164058,0.09676948015628883
facebook,eigenvector,,0.9566136089035262,0.0030253025302530256,0.0718954248366013,0.005806281340723146
facebook,eigenvector,1.0,0.9539175776000042,0.008445356730795031,0.05708216938539276,0.01471379470583178
facebook,eigenvector,0.2,0.28136512498859756,0.5999785344388098,0.04568659106977488,0.08490771104280215
facebook,louvain,,0.9571737698649105,0.0038503850385038507,0.10119047619047619,0.007418490119069884
facebook,louvain,1.0,0.9567296127788322,0.0038503850385038507,0.09528996783898745,0.0074016897426245004
facebook,louvain,0.05,0.2659560085723036,0.7783224663929806,0.0456879574819436,0.08630949978662306
facebook,greedy_modularity,,0.9580922883132099,0.01359038342858676,0.12934472934472935,0.02459639807399114
facebook,greedy_modularity,1.0,0.9570244957166015,0.01359038342858676,0.09960317460317458,0.023917356377856663
facebook,greedy_modularity,0.85,0.658640823623762,0.2387091148139204,0.04817714123042367,0.08017339621596968
facebook,label_propagation,,0.9521873080499977,0.0011001100110011,0.012652831402831403,0.002024222466295666
facebook,label_propagation,1.0,0.9477778561953577,0.0011001100110011,0.008592615114354244,0.0019504982934577786
facebook,label_propagation,0.55,0.11060963937181745,0.6678969116423837,0.04066194513635286,0.07665697018144199
facebook,infomap,,0.9596931341704447,0.010880356328315759,0.23544973544973546,0.020799545850119013
facebook,infomap,1.0,0.9580668691814963,0.010880356328315759,0.1300424883758217,0.020080613818438744
facebook,infomap,0.05,0.43294996082997794,0.49477313585017035,0.035480415142161825,0.06621268722595364
facebook,surprise_communities,,0.8810529267347063,0.023135850170382895,0.011076011252623497,0.014980356295600463
facebook,surprise_communities,1.0,0.9131679533044204,0.014455713864069334,0.015147215058063697,0.01479338799838687
facebook,surprise_communities,0.45,0.28231898716992154,0.5477367248920014,0.04314860608589475,0.07999547439104449
facebook,walktrap,,0.9452862620900375,0.0033003300330033004,0.021179537308569567,0.00571077139342822
facebook,walktrap,1.0,0.9369455548984047,0.0035753575357535755,0.014958319922208193,0.005771260666145367
facebook,walktrap,0.75,0.4031238173340262,0.378504923663098,0.04310939344621552,0.0774030530433418
facebook,df_node_similarity,,0.959815740177654,0.05449971826450938,0.24814814814814815,0.08937121759513056
facebook,df_node_similarity,1.0,0.9593091389919667,0.05477474576725966,0.2102292768959436,0.0869062671508577
facebook,df_node_similarity,0.05,0.5551720901843069,0.5549001851404652,0.04394781156522383,0.0814452044866607
barabasi_1,eigenvector,,0.948067534473275,0.4666666666666667,0.3692480359147026,0.41228070175438597
barabasi_1,eigenvector,1.0,0.9501250959630423,0.4666666666666667,0.38576361909695245,0.42237594147415186
barabasi_1,eigenvector,0.9,0.9431866887187353,0.5777777777777778,0.3762504380151439,0.45572895720621154
barabasi_1,louvain,,0.944350027856463,0.26222222222222225,0.26551843218509885,0.2638600333215912
barabasi_1,louvain,1.0,0.9443410069007828,0.2666666666666667,0.26552706552706556,0.26609564596716634
barabasi_1,louvain,0.85,0.9195538555860368,0.5422222222222222,0.24119534719858354,0.33387425110816815
barabasi_1,greedy_modularity,,0.9456522833619242,0.17111111111111113,0.2257495590828924,0.19466911583167917
barabasi_1,greedy_modularity,1.0,0.9436650751047938,0.17111111111111113,0.2185185185185185,0.1919307139839459
barabasi_1,greedy_modularity,0.85,0.9239688128612512,0.6444444444444444,0.2529793023330027,0.3633313839384401
barabasi_1,label_propagation,,0.9576853801794982,0.17777777777777776,0.5555555555555556,0.2693602693602693
barabasi_1,label_propagation,1.0,0.9574379166803644,0.17777777777777776,0.5555555555555556,0.2693602693602693
barabasi_1,label_propagation,0.05,0.7741782096200521,0.8444444444444446,0.48930967529414837,0.6195967169661559
barabasi_1,infomap,,0.957385079879198,0.17777777777777776,0.5,0.2622950819672131
barabasi_1,infomap,1.0,0.9571376163800641,0.17777777777777776,0.5,0.2622950819672131
barabasi_1,infomap,0.55,0.7726767081185506,0.8444444444444446,0.4786259146103877,0.6109622089162574
barabasi_1,surprise_communities,,0.7732078020016244,0.06444444444444446,0.015169868384642666,0.024558743411937534
barabasi_1,surprise_communities,1.0,0.741118918410336,0.06444444444444446,0.012920997413751037,0.021526058146828276
barabasi_1,surprise_communities,0.15,0.3182001856570461,0.8111111111111111,0.04932374432024336,0.09299259974701178
barabasi_1,walktrap,,0.8942270277424209,0.11333333333333334,0.03696482955103644,0.055747153108458035
barabasi_1,walktrap,1.0,0.8836528573748881,0.13555555555555557,0.034084228528672975,0.05447196904698646
barabasi_1,walktrap,0.65,0.7519642924929061,0.8488888888888889,0.10491752694529047,0.18675345729492654
barabasi_1,df_node_similarity,,0.9573672571297117,0.3522222222222222,0.5462962962962963,0.42829989923971784
barabasi_1,df_node_similarity,1.0,0.9576820194841341,0.3522222222222222,0.5555555555555556,0.4311165510675915
barabasi_1,df_node_similarity,0.65,0.8900459971045004,0.7444444444444445,0.45023322194374826,0.5611113862932737
barabasi_2,eigenvector,,0.9503713905357366,0.3255555555555556,0.3411707109408259,0.3331802747874108
barabasi_2,eigenvector,1.0,0.9551284071153682,0.3255555555555556,0.4058745720510426,0.3613051111862857
barabasi_2,eigenvector,0.7,0.9316325784794505,0.6511111111111112,0.30463316343500524,0.4150692665559635
barabasi_2,louvain,,0.9546759366333545,0.2977777777777778,0.37178192178192176,0.33069013729163743
barabasi_2,louvain,1.0,0.9545027578755181,0.29888888888888887,0.372059422059422,0.33148433477031247
barabasi_2,louvain,0.95,0.9521975666722642,0.3766666666666667,0.3492427779192485,0.3624367033584749
barabasi_2,greedy_modularity,,0.9552375280799388,0.3633333333333333,0.36978114478114477,0.36652888450027166
barabasi_2,greedy_modularity,1.0,0.955361553215098,0.3633333333333333,0.3787598204264871,0.37088623548420435
barabasi_2,greedy_modularity,0.8,0.9444086119696367,0.6255555555555556,0.31830559244693735,0.42192187302333634
barabasi_2,label_propagation,,0.9587219773650999,0.1888888888888889,0.5555555555555556,0.2819237147595357
barabasi_2,label_propagation,1.0,0.9587219773650999,0.1888888888888889,0.5555555555555556,0.2819237147595357
barabasi_2,label_propagation,0.05,0.8558802642033405,0.6822222222222222,0.48466008137247496,0.5667167574960137
barabasi_2,infomap,,0.9587219773650999,0.1888888888888889,0.5555555555555556,0.2819237147595357
barabasi_2,infomap,1.0,0.9587219773650999,0.1888888888888889,0.5555555555555556,0.2819237147595357
barabasi_2,infomap,0.05,0.8558802642033405,0.6822222222222222,0.48466008137247496,0.5667167574960137
barabasi_2,surprise_communities,,0.7982151499165931,0.05444444444444445,0.022855691097988018,0.0321956849232359
barabasi_2,surprise_communities,1.0,0.7795195858128275,0.05444444444444445,0.020691137750160696,0.029986258622798214
barabasi_2,surprise_communities,0.05,0.24551100315496313,0.9477777777777777,0.04697052064982543,0.08950528641853558
barabasi_2,walktrap,,0.8809041685128742,0.20888888888888893,0.026623034147146785,0.04722695946903301
barabasi_2,walktrap,1.0,0.8738142405401107,0.20888888888888893,0.024614524107952354,0.04403961831177595
barabasi_2,walktrap,0.35,0.5632816991899444,0.8866666666666667,0.06812786113552559,0.1265334096105768
barabasi_2,df_node_similarity,,0.9869925549064208,0.32166666666666666,0.38472222222222224,0.35038012845720273
barabasi_2,df_node_similarity,1.0,0.9883018360575175,0.32166666666666666,0.4003968253968254,0.35673957646369164
barabasi_2,df_node_similarity,0.8,0.9770384438181381,0.8200000000000001,0.37550125257183287,0.5151161932227283
watts_strogatz_graph_1,eigenvector,,0.9052141455484283,0.09777777777777778,0.1722524389191056,0.12474500743165859
watts_strogatz_graph_1,eigenvector,1.0,0.9043415204285576,0.09777777777777778,0.1678753345420012,0.12357827854438255
watts_strogatz_graph_1,eigenvector,0.85,0.8627104930217055,0.32666666666666677,0.13809215304055347,0.19412263485391587
watts_strogatz_graph_1,louvain,,0.8991791843844646,0.09111111111111111,0.06651234567901236,0.07689228292322087
watts_strogatz_graph_1,louvain,1.0,0.8931311287491918,0.09111111111111111,0.06039267558875402,0.07263770623456177
watts_strogatz_graph_1,louvain,0.75,0.747224620639479,0.3933333333333333,0.07063990372782104,0.1197699633522068
watts_strogatz_graph_1,greedy_modularity,,0.9071912981136835,0.042222222222222223,0.1282667949334616,0.06353147211198258
watts_strogatz_graph_1,greedy_modularity,1.0,0.9011156599568351,0.042222222222222223,0.1282667949334616,0.06353147211198258
watts_strogatz_graph_1,greedy_modularity,0.9,0.8825328445680753,0.2933333333333334,0.15082947220043996,0.19922114726510215
watts_strogatz_graph_1,label_propagation,,0.8569608664497175,0.18222222222222223,0.04489711934156378,0.07204364719856655
watts_strogatz_graph_1,label_propagation,1.0,0.8542533786436302,0.18222222222222223,0.042783240151661205,0.06929660295400547
watts_strogatz_graph_1,label_propagation,0.75,0.7626439752357721,0.36666666666666664,0.061626956161839885,0.10551896824166598
watts_strogatz_graph_1,infomap,,0.8594557926283465,0.1111111111111111,0.03608194700148723,0.054474107322651365
watts_strogatz_graph_1,infomap,1.0,0.8495262194723004,0.11555555555555556,0.03833760710028458,0.05757401317498853
watts_strogatz_graph_1,infomap,0.35,0.38270125920257936,0.8111111111111111,0.05516895213037694,0.1033110467620944
watts_strogatz_graph_1,surprise_communities,,0.8023759367726679,0.04222222222222223,0.02639356528245417,0.03248217412112511
watts_strogatz_graph_1,surprise_communities,1.0,0.795974543123291,0.04222222222222223,0.024476568405139832,0.03098872110629484
watts_strogatz_graph_1,surprise_communities,0.15,0.2838930792037429,0.8866666666666666,0.05483056136934772,0.10327471952782416
watts_strogatz_graph_1,walktrap,,0.8635974609020239,0.026666666666666665,0.015436978480456741,0.019554257501477695
watts_strogatz_graph_1,walktrap,1.0,0.8552628969355393,0.026666666666666665,0.013768453768453768,0.018160389444017423
watts_strogatz_graph_1,walktrap,0.65,0.6625053001511026,0.5111111111111112,0.06255495883898521,0.11146740653664551
watts_strogatz_graph_1,df_node_similarity,,0.9101403220195211,0.20888888888888887,0.18372615039281703,0.1955011783838037
watts_strogatz_graph_1,df_node_similarity,1.0,0.9049100756015354,0.20888888888888887,0.16699600327051306,0.18560793636403772
watts_strogatz_graph_1,df_node_similarity,0.95,0.8948735172584461,0.23333333333333334,0.15250248722470944,0.1844510633268821
watts_strogatz_graph_2,eigenvector,,0.9121451518398249,0.20444444444444446,0.19528557861891194,0.19976008468309267
watts_strogatz_graph_2,eigenvector,1.0,0.9110058842280454,0.20555555555555557,0.1904905682079595,0.19773653737089178
watts_strogatz_graph_2,eigenvector,0.95,0.9060705255147311,0.22444444444444445,0.17990386277967976,0.19972099209315416
watts_strogatz_graph_2,louvain,,0.9172938108116746,0.1922222222222222,0.1212682379349046,0.14871553136983467
watts_strogatz_graph_2,louvain,1.0,0.9140343435774307,0.19333333333333333,0.11421304138695446,0.1435958269484439
watts_strogatz_graph_2,louvain,0.9,0.8779929220950257,0.23000000000000004,0.08621527523320399,0.1254178077830867
watts_strogatz_graph_2,greedy_modularity,,0.9181023637612697,0.03333333333333334,0.12362183930811381,0.052508342446930825
watts_strogatz_graph_2,greedy_modularity,1.0,0.9172603323255242,0.036666666666666674,0.14152307387601504,0.05824330132195151
watts_strogatz_graph_2,greedy_modularity,0.8,0.8493859529262603,0.29666666666666663,0.12570240494751977,0.17658354256501224
watts_strogatz_graph_2,label_propagation,,0.8485295477007723,0.23555555555555552,0.07170197005873415,0.10993903148732144
watts_strogatz_graph_2,label_propagation,1.0,0.8446922492047888,0.23777777777777775,0.06959949401421248,0.10768013473915174
watts_strogatz_graph_2,label_propagation,0.9,0.8255619913280751,0.31666666666666665,0.07252990570221883,0.11802675101979118
watts_strogatz_graph_2,infomap,,0.8660492177222785,0.11888888888888889,0.048033979643175045,0.06842329656696054
watts_strogatz_graph_2,infomap,1.0,0.861018412327915,0.1222222222222222,0.04976307929485589,0.0707287667304986
watts_strogatz_graph_2,infomap,0.15,0.2513292496794388,0.8655555555555555,0.049621092156903523,0.09386124983957529
watts_strogatz_graph_2,surprise_communities,,0.8215355020798414,0.08,0.03823367248937794,0.051739808715237645
watts_strogatz_graph_2,surprise_communities,1.0,0.8153121575003373,0.0811111111111111,0.03694931509104928,0.05077061125796123
watts_strogatz_graph_2,surprise_communities,0.3,0.3939163293347055,0.6722222222222223,0.04906004244926908,0.09144617127827105
watts_strogatz_graph_2,walktrap,,0.8764048484985127,0.044444444444444446,0.04319775763599381,0.043812234147549436
watts_strogatz_graph_2,walktrap,1.0,0.8754116866935446,0.04555555555555556,0.04357497074755337,0.04454325769313077
watts_strogatz_graph_2,walktrap,0.6,0.6205642179605171,0.6111111111111112,0.05947366937881125,0.10839798705060652
watts_strogatz_graph_2,df_node_similarity,,0.9160541991196846,0.25555555555555554,0.15124581490587083,0.19002742399751854
watts_strogatz_graph_2,df_node_similarity,1.0,0.9139085853976704,0.25666666666666665,0.14835191981931112,0.1880259031269986
watts_strogatz_graph_2,df_node_similarity,0.95,0.9046686649862402,0.28222222222222215,0.15027443411991026,0.19612075200395707
soc_anybeat,louvain,,0.9330866052070991,0.00989767583399901,0.21417777069950983,0.01892096771892685
soc_anybeat,louvain,1.0,0.9316746010939472,0.009809840963555444,0.1342948625780363,0.018284083888113145
soc_anybeat,louvain,0.05,0.5497246497512048,0.7392832812894437,0.07656433563484244,0.13875810164467406
soc_anybeat,greedy_modularity,,0.9395576448148232,0.01966720373088055,0.06252979286434382,0.029922898072999943
soc_anybeat,greedy_modularity,1.0,0.9363958426946033,0.01966720373088055,0.044600775120070504,0.0272973429855616
soc_anybeat,greedy_modularity,0.85,0.8204003145882938,0.3393982087751345,0.1029668954334707,0.15799971354330314
soc_anybeat,label_propagation,,0.926853450000019,0.03107641341123026,0.054984880060068034,0.039709671913854126
soc_anybeat,label_propagation,1.0,0.923566420304588,0.03002239496590746,0.0289737558579113,0.02948875578712485
soc_anybeat,label_propagation,0.8,0.9181641649530294,0.4725239916612734,0.28232953628928187,0.3534658698979448
soc_anybeat,infomap,,0.8998760216055762,0.02035694154831437,0.06218236862683207,0.03067248419658632
soc_anybeat,infomap,1.0,0.8126311775374169,0.022113638957185686,0.02468635117547482,0.023329280861697173
soc_anybeat,infomap,0.05,0.38644146496391973,0.7936457775553974,0.07373741389228507,0.13493779395423425
soc_anybeat,df_node_similarity,,0.9330754898377255,0.03605935317677872,0.20231114338513762,0.061208992523348445
soc_anybeat,df_node_similarity,1.0,0.9304019705509092,0.036147188047222285,0.1436092072387895,0.057756710253490454
soc_anybeat,df_node_similarity,0.8,0.9280630471768507,0.5829867686423661,0.3757752977956314,0.4569893496337347
soc_anybeat,walktrap,,0.9231851045548771,0.04102101253761644,0.021171021473755932,0.027928230716824085
soc_anybeat,walktrap,1.0,0.9299238526500254,0.03912377933603541,0.015634872959810423,0.02234150381648363
soc_anybeat,walktrap,0.05,0.6351379516248999,0.7695558806137376,0.049243720677688965,0.09256427279897515
soc_anybeat,eigenvector,,0.9374050499873374,0.042008476517206406,0.24706657088122605,0.07180758307890518
soc_anybeat,eigenvector,1.0,0.9360287909699277,0.042008476517206406,0.20981855320090614,0.07000168151036675
soc_anybeat,eigenvector,0.1,0.5423164996256322,0.6836559309684951,0.07074274360211497,0.12821787170847612
soc_anybeat,surprise_communities,,0.4708957332579825,0.0,0.0,nan
soc_anybeat,surprise_communities,1.0,0.9419327493642272,0.0,0.0,nan
soc_anybeat,surprise_communities,0.85,0.8930488838654987,0.6153846153846154,0.010526315789473684,0.020698576972833116
karate_graph,eigenvector,,0.6963455207723166,0.0,0.0,nan
karate_graph,eigenvector,1.0,0.5711114726833906,0.0,0.0,nan
karate_graph,eigenvector,0.2,0.14824043324963146,0.39814814814814814,0.08519745820055419,0.1403600643677227
karate_graph,louvain,,0.6764191616646711,0.0,0.0,nan
karate_graph,louvain,1.0,0.5172080456177314,0.0,0.0,nan
karate_graph,louvain,0.2,0.1441252069121829,0.31481481481481477,0.07180173627542048,0.11693369176868425
karate_graph,greedy_modularity,,0.6977492068053083,0.0,0.0,nan
karate_graph,greedy_modularity,1.0,0.591435007357593,0.0,0.0,nan
karate_graph,greedy_modularity,0.25,0.15238335662798358,0.3796296296296296,0.08068601455329144,0.13308607781744133
karate_graph,label_propagation,,0.7306573848055429,0.0,0.0,nan
karate_graph,label_propagation,1.0,0.7097388169762199,0.0,0.0,nan
karate_graph,label_propagation,0.05,0.24053858471530956,0.4907407407407407,0.1352720035382574,0.21208348815423825
karate_graph,infomap,,0.7154031999607148,0.0,0.0,nan
karate_graph,infomap,1.0,0.5944058926814195,0.0,0.0,nan
karate_graph,infomap,0.05,0.11496651762277461,0.37037037037037035,0.07724549604569347,0.12783033456322426
karate_graph,surprise_communities,,0.5214782386975444,0.0,0.0,nan
karate_graph,surprise_communities,1.0,0.5161712626452908,0.0,0.0,nan
karate_graph,surprise_communities,0.25,0.31106338011708856,0.2777777777777778,0.08703703703703704,0.13254371122391428
karate_graph,walktrap,,0.697859340311592,0.0,0.0,nan
karate_graph,walktrap,1.0,0.615302691355996,0.0,0.0,nan
karate_graph,walktrap,0.25,0.14247355682572024,0.34259259259259256,0.0753904315307824,0.12358493959879785
karate_graph,df_node_similarity,,0.7060073565211089,0.0,0.0,nan
karate_graph,df_node_similarity,1.0,0.6349277066586111,0.0,0.0,nan
karate_graph,df_node_similarity,0.05,0.15408838646600576,0.4907407407407407,0.11627597777752577,0.18800589085646344
